Seed,Scheme,Approach,Missing_Percent,Accuracy,Balanced_Acc,F1,ROC_AUC
0,None,Oracle,0.0,0.9368836291913215,0.543717105263158,0.15789473684210525,0.8626644736842106
0,MCAR_0.2,naive,19.54,0.9329388560157791,0.5416118421052631,0.15,0.8622697368421053
0,MCAR_0.2,pseudo_labels,19.54,0.9388560157790927,0.5301973684210526,0.11428571428571428,0.8603947368421053
0,MCAR_0.2,iterative_pseudo_labels,19.54,0.9388560157790927,0.5301973684210526,0.11428571428571428,0.8603947368421053
0,MCAR_0.5,naive,50.86,0.9349112426035503,0.5863815789473684,0.26666666666666666,0.8562500000000001
0,MCAR_0.5,pseudo_labels,50.86,0.9388560157790927,0.515625,0.06060606060606061,0.8452631578947368
0,MCAR_0.5,iterative_pseudo_labels,50.86,0.9388560157790927,0.515625,0.06060606060606061,0.8452631578947368
0,MCAR_0.8,naive,78.95,0.9349112426035503,0.5718092105263157,0.23255813953488372,0.8582894736842106
0,MCAR_0.8,pseudo_labels,78.95,0.9368836291913215,0.5,0.0,0.8499342105263158
0,MCAR_0.8,iterative_pseudo_labels,78.95,0.9368836291913215,0.5,0.0,0.8499342105263158
0,MAR1,naive,24.14,0.9368836291913215,0.543717105263158,0.15789473684210525,0.8589473684210526
0,MAR1,pseudo_labels,24.14,0.9388560157790927,0.5301973684210526,0.11428571428571428,0.858421052631579
0,MAR1,iterative_pseudo_labels,24.14,0.9388560157790927,0.5301973684210526,0.11428571428571428,0.858421052631579
0,MAR2,naive,25.0,0.9388560157790927,0.5447697368421053,0.16216216216216217,0.8518749999999999
0,MAR2,pseudo_labels,25.0,0.9368836291913215,0.5145723684210526,0.058823529411764705,0.8548026315789474
0,MAR2,iterative_pseudo_labels,25.0,0.9368836291913215,0.5145723684210526,0.058823529411764705,0.8548026315789474
0,MNAR,naive,25.46,0.9329388560157791,0.4978947368421053,0.0,0.8580263157894737
0,MNAR,pseudo_labels,25.46,0.9368836291913215,0.5,0.0,0.856875
0,MNAR,iterative_pseudo_labels,25.46,0.9368836291913215,0.5,0.0,0.856875
1,None,Oracle,0.0,0.9388560157790927,0.515625,0.06060606060606061,0.8840131578947368
1,MCAR_0.2,naive,19.87,0.9408284023668639,0.5458223684210526,0.16666666666666666,0.8904605263157894
1,MCAR_0.2,pseudo_labels,19.87,0.9388560157790927,0.515625,0.06060606060606061,0.9021052631578947
1,MCAR_0.2,iterative_pseudo_labels,19.87,0.9388560157790927,0.515625,0.06060606060606061,0.9021052631578947
1,MCAR_0.5,naive,51.58,0.9368836291913215,0.5145723684210526,0.058823529411764705,0.8817763157894737
1,MCAR_0.5,pseudo_labels,51.58,0.9368836291913215,0.5,0.0,0.8714473684210526
1,MCAR_0.5,iterative_pseudo_labels,51.58,0.9368836291913215,0.5,0.0,0.8714473684210526
1,MCAR_0.8,naive,80.72,0.9428007889546351,0.5760197368421053,0.2564102564102564,0.8676315789473684
1,MCAR_0.8,pseudo_labels,80.72,0.9368836291913215,0.5,0.0,0.8551315789473684
1,MCAR_0.8,iterative_pseudo_labels,80.72,0.9368836291913215,0.5,0.0,0.8551315789473684
1,MAR1,naive,26.38,0.9368836291913215,0.5145723684210526,0.058823529411764705,0.8821710526315789
1,MAR1,pseudo_labels,26.38,0.9388560157790927,0.515625,0.06060606060606061,0.8813815789473683
1,MAR1,iterative_pseudo_labels,26.38,0.9388560157790927,0.515625,0.06060606060606061,0.8813815789473683
1,MAR2,naive,26.71,0.9368836291913215,0.5145723684210526,0.058823529411764705,0.8902631578947369
1,MAR2,pseudo_labels,26.71,0.9388560157790927,0.515625,0.06060606060606061,0.8870394736842105
1,MAR2,iterative_pseudo_labels,26.71,0.9388560157790927,0.515625,0.06060606060606061,0.8870394736842105
1,MNAR,naive,25.86,0.9388560157790927,0.515625,0.06060606060606061,0.8778947368421052
1,MNAR,pseudo_labels,25.86,0.9368836291913215,0.5,0.0,0.8751973684210527
1,MNAR,iterative_pseudo_labels,25.86,0.9368836291913215,0.5,0.0,0.8751973684210527
2,None,Oracle,0.0,0.9368836291913215,0.5291447368421053,0.1111111111111111,0.867171052631579
2,MCAR_0.2,naive,20.26,0.9368836291913215,0.5291447368421053,0.1111111111111111,0.8636842105263157
2,MCAR_0.2,pseudo_labels,20.26,0.9368836291913215,0.5145723684210526,0.058823529411764705,0.8626973684210527
2,MCAR_0.2,iterative_pseudo_labels,20.26,0.9368836291913215,0.5145723684210526,0.058823529411764705,0.8626973684210527
2,MCAR_0.5,naive,48.75,0.9309664694280079,0.5259868421052631,0.10256410256410256,0.859078947368421
2,MCAR_0.5,pseudo_labels,48.75,0.9368836291913215,0.5,0.0,0.8586842105263159
2,MCAR_0.5,iterative_pseudo_labels,48.75,0.9368836291913215,0.5,0.0,0.8586842105263159
2,MCAR_0.8,naive,79.14,0.9329388560157791,0.512467105263158,0.05555555555555555,0.8802631578947369
2,MCAR_0.8,pseudo_labels,79.14,0.9368836291913215,0.5,0.0,0.885
2,MCAR_0.8,iterative_pseudo_labels,79.14,0.9368836291913215,0.5,0.0,0.885
2,MAR1,naive,27.37,0.9349112426035503,0.528092105263158,0.10810810810810811,0.8687499999999999
2,MAR1,pseudo_labels,27.37,0.9349112426035503,0.49894736842105264,0.0,0.8801973684210527
2,MAR1,iterative_pseudo_labels,27.37,0.9349112426035503,0.49894736842105264,0.0,0.8801973684210527
2,MAR2,naive,24.74,0.9368836291913215,0.5291447368421053,0.1111111111111111,0.8651315789473685
2,MAR2,pseudo_labels,24.74,0.9368836291913215,0.5145723684210526,0.058823529411764705,0.8626315789473684
2,MAR2,iterative_pseudo_labels,24.74,0.9368836291913215,0.5145723684210526,0.058823529411764705,0.8626315789473684
2,MNAR,naive,28.42,0.9349112426035503,0.5135197368421053,0.05714285714285714,0.8576973684210526
2,MNAR,pseudo_labels,28.42,0.9388560157790927,0.515625,0.06060606060606061,0.8517105263157895
2,MNAR,iterative_pseudo_labels,28.42,0.9388560157790927,0.515625,0.06060606060606061,0.8517105263157895
3,None,Oracle,0.0,0.9349112426035503,0.5572368421052631,0.1951219512195122,0.8380263157894736
3,MCAR_0.2,naive,19.14,0.9329388560157791,0.5561842105263157,0.19047619047619047,0.8357236842105263
3,MCAR_0.2,pseudo_labels,19.14,0.9349112426035503,0.5426644736842106,0.15384615384615385,0.8351973684210527
3,MCAR_0.2,iterative_pseudo_labels,19.14,0.9349112426035503,0.5426644736842106,0.15384615384615385,0.8351973684210527
3,MCAR_0.5,naive,51.32,0.9368836291913215,0.5582894736842106,0.2,0.8312499999999999
3,MCAR_0.5,pseudo_labels,51.32,0.9408284023668639,0.53125,0.11764705882352941,0.8299342105263158
3,MCAR_0.5,iterative_pseudo_labels,51.32,0.9408284023668639,0.53125,0.11764705882352941,0.8299342105263158
3,MCAR_0.8,naive,77.89,0.9329388560157791,0.6144736842105263,0.32,0.8317763157894736
3,MCAR_0.8,pseudo_labels,77.89,0.9368836291913215,0.5,0.0,0.8259210526315789
3,MCAR_0.8,iterative_pseudo_labels,77.89,0.9368836291913215,0.5,0.0,0.8259210526315789
3,MAR1,naive,24.14,0.9329388560157791,0.5561842105263157,0.19047619047619047,0.84125
3,MAR1,pseudo_labels,24.14,0.9368836291913215,0.5582894736842106,0.2,0.8445394736842106
3,MAR1,iterative_pseudo_labels,24.14,0.9368836291913215,0.5582894736842106,0.2,0.8445394736842106
3,MAR2,naive,24.21,0.9309664694280079,0.5405592105263157,0.14634146341463414,0.8291447368421052
3,MAR2,pseudo_labels,24.21,0.9349112426035503,0.5426644736842106,0.15384615384615385,0.8242763157894737
3,MAR2,iterative_pseudo_labels,24.21,0.9349112426035503,0.5426644736842106,0.15384615384615385,0.8242763157894737
3,MNAR,naive,25.33,0.9388560157790927,0.559342105263158,0.20512820512820512,0.8266447368421053
3,MNAR,pseudo_labels,25.33,0.9368836291913215,0.5291447368421053,0.1111111111111111,0.8263157894736841
3,MNAR,iterative_pseudo_labels,25.33,0.9368836291913215,0.5291447368421053,0.1111111111111111,0.8263157894736841
4,None,Oracle,0.0,0.9428007889546351,0.546875,0.17142857142857143,0.8685197368421054
4,MCAR_0.2,naive,20.46,0.9428007889546351,0.546875,0.17142857142857143,0.8685526315789474
4,MCAR_0.2,pseudo_labels,20.46,0.9368836291913215,0.5,0.0,0.8694736842105264
4,MCAR_0.2,iterative_pseudo_labels,20.46,0.9368836291913215,0.5,0.0,0.8694736842105264
4,MCAR_0.5,naive,49.28,0.9447731755424064,0.5625,0.2222222222222222,0.8636184210526316
4,MCAR_0.5,pseudo_labels,49.28,0.9368836291913215,0.5,0.0,0.8630921052631578
4,MCAR_0.5,iterative_pseudo_labels,49.28,0.9368836291913215,0.5,0.0,0.8630921052631578
4,MCAR_0.8,naive,79.54,0.9368836291913215,0.6457236842105263,0.38461538461538464,0.8504605263157895
4,MCAR_0.8,pseudo_labels,79.54,0.9368836291913215,0.5,0.0,0.8503947368421052
4,MCAR_0.8,iterative_pseudo_labels,79.54,0.9368836291913215,0.5,0.0,0.8503947368421052
4,MAR1,naive,22.24,0.9467455621301775,0.578125,0.2702702702702703,0.8643421052631579
4,MAR1,pseudo_labels,22.24,0.9388560157790927,0.515625,0.06060606060606061,0.8701973684210527
4,MAR1,iterative_pseudo_labels,22.24,0.9388560157790927,0.515625,0.06060606060606061,0.8701973684210527
4,MAR2,naive,22.7,0.9388560157790927,0.5447697368421053,0.16216216216216217,0.864671052631579
4,MAR2,pseudo_labels,22.7,0.9368836291913215,0.5,0.0,0.8677631578947369
4,MAR2,iterative_pseudo_labels,22.7,0.9368836291913215,0.5,0.0,0.8677631578947369
4,MNAR,naive,26.97,0.9388560157790927,0.515625,0.06060606060606061,0.868125
4,MNAR,pseudo_labels,26.97,0.9368836291913215,0.5,0.0,0.8582894736842105
4,MNAR,iterative_pseudo_labels,26.97,0.9368836291913215,0.5,0.0,0.8582894736842105
5,None,Oracle,0.0,0.9368836291913215,0.5145723684210526,0.058823529411764705,0.8613157894736843
5,MCAR_0.2,naive,22.11,0.9408284023668639,0.53125,0.11764705882352941,0.8520394736842105
5,MCAR_0.2,pseudo_labels,22.11,0.9388560157790927,0.5301973684210526,0.11428571428571428,0.8576315789473685
5,MCAR_0.2,iterative_pseudo_labels,22.11,0.9388560157790927,0.5301973684210526,0.11428571428571428,0.8576315789473685
5,MCAR_0.5,naive,51.18,0.9349112426035503,0.49894736842105264,0.0,0.8615131578947369
5,MCAR_0.5,pseudo_labels,51.18,0.9368836291913215,0.5,0.0,0.8538157894736842
5,MCAR_0.5,iterative_pseudo_labels,51.18,0.9368836291913215,0.5,0.0,0.8538157894736842
5,MCAR_0.8,naive,81.84,0.9368836291913215,0.5,0.0,0.7786842105263158
5,MCAR_0.8,pseudo_labels,81.84,0.9368836291913215,0.5,0.0,0.7960526315789473
5,MCAR_0.8,iterative_pseudo_labels,81.84,0.9368836291913215,0.5,0.0,0.7960526315789473
5,MAR1,naive,23.49,0.9349112426035503,0.49894736842105264,0.0,0.8599342105263158
5,MAR1,pseudo_labels,23.49,0.9349112426035503,0.49894736842105264,0.0,0.864342105263158
5,MAR1,iterative_pseudo_labels,23.49,0.9349112426035503,0.49894736842105264,0.0,0.864342105263158
5,MAR2,naive,25.79,0.9388560157790927,0.515625,0.06060606060606061,0.8674342105263158
5,MAR2,pseudo_labels,25.79,0.9408284023668639,0.5458223684210526,0.16666666666666666,0.8629605263157895
5,MAR2,iterative_pseudo_labels,25.79,0.9408284023668639,0.5458223684210526,0.16666666666666666,0.8629605263157895
5,MNAR,naive,27.04,0.9368836291913215,0.5,0.0,0.8480263157894737
5,MNAR,pseudo_labels,27.04,0.9368836291913215,0.5,0.0,0.8511184210526316
5,MNAR,iterative_pseudo_labels,27.04,0.9368836291913215,0.5,0.0,0.8511184210526316
6,None,Oracle,0.0,0.9349112426035503,0.49894736842105264,0.0,0.90125
6,MCAR_0.2,naive,20.86,0.9329388560157791,0.4978947368421053,0.0,0.898157894736842
6,MCAR_0.2,pseudo_labels,20.86,0.9349112426035503,0.49894736842105264,0.0,0.9011184210526315
6,MCAR_0.2,iterative_pseudo_labels,20.86,0.9349112426035503,0.49894736842105264,0.0,0.9011184210526315
6,MCAR_0.5,naive,51.12,0.9289940828402367,0.5395065789473684,0.14285714285714285,0.8910526315789474
6,MCAR_0.5,pseudo_labels,51.12,0.9368836291913215,0.5,0.0,0.8897368421052632
6,MCAR_0.5,iterative_pseudo_labels,51.12,0.9368836291913215,0.5,0.0,0.8897368421052632
6,MCAR_0.8,naive,79.41,0.9428007889546351,0.5760197368421053,0.2564102564102564,0.8759868421052632
6,MCAR_0.8,pseudo_labels,79.41,0.9368836291913215,0.5,0.0,0.8632894736842105
6,MCAR_0.8,iterative_pseudo_labels,79.41,0.9368836291913215,0.5,0.0,0.8632894736842105
6,MAR1,naive,25.07,0.9368836291913215,0.5145723684210526,0.058823529411764705,0.8951973684210526
6,MAR1,pseudo_labels,25.07,0.9349112426035503,0.49894736842105264,0.0,0.8946710526315789
6,MAR1,iterative_pseudo_labels,25.07,0.9349112426035503,0.49894736842105264,0.0,0.8946710526315789
6,MAR2,naive,27.3,0.9388560157790927,0.559342105263158,0.20512820512820512,0.8990789473684211
6,MAR2,pseudo_labels,27.3,0.9349112426035503,0.49894736842105264,0.0,0.900328947368421
6,MAR2,iterative_pseudo_labels,27.3,0.9349112426035503,0.49894736842105264,0.0,0.900328947368421
6,MNAR,naive,26.97,0.9349112426035503,0.49894736842105264,0.0,0.8965789473684211
6,MNAR,pseudo_labels,26.97,0.9368836291913215,0.5,0.0,0.8946710526315789
6,MNAR,iterative_pseudo_labels,26.97,0.9368836291913215,0.5,0.0,0.8946710526315789
7,None,Oracle,0.0,0.9388560157790927,0.5447697368421053,0.16216216216216217,0.8245394736842107
7,MCAR_0.2,naive,20.2,0.9368836291913215,0.5291447368421053,0.1111111111111111,0.8265789473684211
7,MCAR_0.2,pseudo_labels,20.2,0.9368836291913215,0.5291447368421053,0.1111111111111111,0.8246052631578947
7,MCAR_0.2,iterative_pseudo_labels,20.2,0.9368836291913215,0.5291447368421053,0.1111111111111111,0.8246052631578947
7,MCAR_0.5,naive,48.95,0.9368836291913215,0.543717105263158,0.15789473684210525,0.8242763157894737
7,MCAR_0.5,pseudo_labels,48.95,0.9368836291913215,0.5,0.0,0.8067105263157894
7,MCAR_0.5,iterative_pseudo_labels,48.95,0.9368836291913215,0.5,0.0,0.8067105263157894
7,MCAR_0.8,naive,79.61,0.9289940828402367,0.5832236842105263,0.25,0.7948684210526316
7,MCAR_0.8,pseudo_labels,79.61,0.9368836291913215,0.5,0.0,0.8083552631578946
7,MCAR_0.8,iterative_pseudo_labels,79.61,0.9368836291913215,0.5,0.0,0.8083552631578946
7,MAR1,naive,25.66,0.9388560157790927,0.5447697368421053,0.16216216216216217,0.8225
7,MAR1,pseudo_labels,25.66,0.9388560157790927,0.5447697368421053,0.16216216216216217,0.8267105263157895
7,MAR1,iterative_pseudo_labels,25.66,0.9388560157790927,0.5447697368421053,0.16216216216216217,0.8267105263157895
7,MAR2,naive,26.51,0.9329388560157791,0.512467105263158,0.05555555555555555,0.8296710526315789
7,MAR2,pseudo_labels,26.51,0.9349112426035503,0.5135197368421053,0.05714285714285714,0.8155263157894737
7,MAR2,iterative_pseudo_labels,26.51,0.9349112426035503,0.5135197368421053,0.05714285714285714,0.8155263157894737
7,MNAR,naive,25.26,0.9368836291913215,0.543717105263158,0.15789473684210525,0.8107236842105263
7,MNAR,pseudo_labels,25.26,0.9329388560157791,0.4978947368421053,0.0,0.8028289473684211
7,MNAR,iterative_pseudo_labels,25.26,0.9329388560157791,0.4978947368421053,0.0,0.8028289473684211
8,None,Oracle,0.0,0.9388560157790927,0.5301973684210526,0.11428571428571428,0.8580921052631578
8,MCAR_0.2,naive,20.46,0.9388560157790927,0.5301973684210526,0.11428571428571428,0.8565789473684211
8,MCAR_0.2,pseudo_labels,20.46,0.9388560157790927,0.5301973684210526,0.11428571428571428,0.8576973684210526
8,MCAR_0.2,iterative_pseudo_labels,20.46,0.9388560157790927,0.5301973684210526,0.11428571428571428,0.8576973684210526
8,MCAR_0.5,naive,51.05,0.9349112426035503,0.528092105263158,0.10810810810810811,0.8607894736842105
8,MCAR_0.5,pseudo_labels,51.05,0.9388560157790927,0.515625,0.06060606060606061,0.8582894736842105
8,MCAR_0.5,iterative_pseudo_labels,51.05,0.9388560157790927,0.515625,0.06060606060606061,0.8582894736842105
8,MCAR_0.8,naive,78.16,0.9408284023668639,0.6041118421052631,0.3181818181818182,0.8313157894736841
8,MCAR_0.8,pseudo_labels,78.16,0.9368836291913215,0.5,0.0,0.8238157894736842
8,MCAR_0.8,iterative_pseudo_labels,78.16,0.9368836291913215,0.5,0.0,0.8238157894736842
8,MAR1,naive,23.49,0.9408284023668639,0.5458223684210526,0.16666666666666666,0.8516447368421052
8,MAR1,pseudo_labels,23.49,0.9368836291913215,0.5145723684210526,0.058823529411764705,0.849078947368421
8,MAR1,iterative_pseudo_labels,23.49,0.9368836291913215,0.5145723684210526,0.058823529411764705,0.849078947368421
8,MAR2,naive,25.2,0.9349112426035503,0.528092105263158,0.10810810810810811,0.8622368421052632
8,MAR2,pseudo_labels,25.2,0.9368836291913215,0.5145723684210526,0.058823529411764705,0.8621052631578947
8,MAR2,iterative_pseudo_labels,25.2,0.9368836291913215,0.5145723684210526,0.058823529411764705,0.8621052631578947
8,MNAR,naive,26.58,0.9368836291913215,0.5145723684210526,0.058823529411764705,0.8476973684210526
8,MNAR,pseudo_labels,26.58,0.9388560157790927,0.515625,0.06060606060606061,0.8532236842105263
8,MNAR,iterative_pseudo_labels,26.58,0.9388560157790927,0.515625,0.06060606060606061,0.8532236842105263
9,None,Oracle,0.0,0.9368836291913215,0.5582894736842106,0.2,0.8930263157894737
9,MCAR_0.2,naive,20.0,0.9408284023668639,0.5895394736842106,0.2857142857142857,0.8951973684210526
9,MCAR_0.2,pseudo_labels,20.0,0.9368836291913215,0.5145723684210526,0.058823529411764705,0.894671052631579
9,MCAR_0.2,iterative_pseudo_labels,20.0,0.9368836291913215,0.5145723684210526,0.058823529411764705,0.894671052631579
9,MCAR_0.5,naive,48.62,0.9408284023668639,0.574967105263158,0.25,0.8988815789473684
9,MCAR_0.5,pseudo_labels,48.62,0.9368836291913215,0.5145723684210526,0.058823529411764705,0.8994736842105263
9,MCAR_0.5,iterative_pseudo_labels,48.62,0.9368836291913215,0.5145723684210526,0.058823529411764705,0.8994736842105263
9,MCAR_0.8,naive,80.13,0.9368836291913215,0.5145723684210526,0.058823529411764705,0.8851973684210527
9,MCAR_0.8,pseudo_labels,80.13,0.9368836291913215,0.5,0.0,0.8755921052631579
9,MCAR_0.8,iterative_pseudo_labels,80.13,0.9368836291913215,0.5,0.0,0.8755921052631579
9,MAR1,naive,26.12,0.9388560157790927,0.559342105263158,0.20512820512820512,0.8903947368421052
9,MAR1,pseudo_labels,26.12,0.9388560157790927,0.5301973684210526,0.11428571428571428,0.8864473684210528
9,MAR1,iterative_pseudo_labels,26.12,0.9388560157790927,0.5301973684210526,0.11428571428571428,0.8864473684210528
9,MAR2,naive,23.49,0.9388560157790927,0.5739144736842106,0.24390243902439024,0.8872368421052631
9,MAR2,pseudo_labels,23.49,0.9408284023668639,0.5458223684210526,0.16666666666666666,0.8823684210526316
9,MAR2,iterative_pseudo_labels,23.49,0.9408284023668639,0.5458223684210526,0.16666666666666666,0.8823684210526316
9,MNAR,naive,27.76,0.9408284023668639,0.574967105263158,0.25,0.8896052631578947
9,MNAR,pseudo_labels,27.76,0.9349112426035503,0.49894736842105264,0.0,0.8902631578947369
9,MNAR,iterative_pseudo_labels,27.76,0.9349112426035503,0.49894736842105264,0.0,0.8902631578947369
10,None,Oracle,0.0,0.9388560157790927,0.5447697368421053,0.16216216216216217,0.8986184210526316
10,MCAR_0.2,naive,19.87,0.9388560157790927,0.5447697368421053,0.16216216216216217,0.89375
10,MCAR_0.2,pseudo_labels,19.87,0.9408284023668639,0.5458223684210526,0.16666666666666666,0.8926315789473683
10,MCAR_0.2,iterative_pseudo_labels,19.87,0.9408284023668639,0.5458223684210526,0.16666666666666666,0.8926315789473683
10,MCAR_0.5,naive,49.67,0.9388560157790927,0.5301973684210526,0.11428571428571428,0.8976973684210526
10,MCAR_0.5,pseudo_labels,49.67,0.9368836291913215,0.5,0.0,0.896513157894737
10,MCAR_0.5,iterative_pseudo_labels,49.67,0.9368836291913215,0.5,0.0,0.896513157894737
10,MCAR_0.8,naive,79.01,0.9388560157790927,0.5447697368421053,0.16216216216216217,0.88
10,MCAR_0.8,pseudo_labels,79.01,0.9368836291913215,0.5,0.0,0.8815131578947369
10,MCAR_0.8,iterative_pseudo_labels,79.01,0.9368836291913215,0.5,0.0,0.8815131578947369
10,MAR1,naive,26.38,0.9388560157790927,0.5447697368421053,0.16216216216216217,0.9042105263157895
10,MAR1,pseudo_labels,26.38,0.9408284023668639,0.53125,0.11764705882352941,0.9002631578947369
10,MAR1,iterative_pseudo_labels,26.38,0.9408284023668639,0.53125,0.11764705882352941,0.9002631578947369
10,MAR2,naive,23.16,0.9388560157790927,0.5447697368421053,0.16216216216216217,0.8948684210526315
10,MAR2,pseudo_labels,23.16,0.9408284023668639,0.53125,0.11764705882352941,0.89375
10,MAR2,iterative_pseudo_labels,23.16,0.9408284023668639,0.53125,0.11764705882352941,0.89375
10,MNAR,naive,26.78,0.9408284023668639,0.5458223684210526,0.16666666666666666,0.8805263157894737
10,MNAR,pseudo_labels,26.78,0.9368836291913215,0.5,0.0,0.885328947368421
10,MNAR,iterative_pseudo_labels,26.78,0.9368836291913215,0.5,0.0,0.885328947368421
11,None,Oracle,0.0,0.9388560157790927,0.6030592105263157,0.3111111111111111,0.8899342105263158
11,MCAR_0.2,naive,19.8,0.9408284023668639,0.6186842105263157,0.34782608695652173,0.8930263157894737
11,MCAR_0.2,pseudo_labels,19.8,0.9309664694280079,0.5259868421052631,0.10256410256410256,0.8925657894736843
11,MCAR_0.2,iterative_pseudo_labels,19.8,0.9309664694280079,0.5259868421052631,0.10256410256410256,0.8925657894736843
11,MCAR_0.5,naive,47.83,0.9428007889546351,0.6343092105263157,0.3829787234042553,0.8898026315789473
11,MCAR_0.5,pseudo_labels,47.83,0.9349112426035503,0.49894736842105264,0.0,0.8925657894736843
11,MCAR_0.5,iterative_pseudo_labels,47.83,0.9349112426035503,0.49894736842105264,0.0,0.8925657894736843
11,MCAR_0.8,naive,79.67,0.9368836291913215,0.5874342105263157,0.2727272727272727,0.8587499999999999
11,MCAR_0.8,pseudo_labels,79.67,0.9368836291913215,0.5,0.0,0.8614473684210526
11,MCAR_0.8,iterative_pseudo_labels,79.67,0.9368836291913215,0.5,0.0,0.8614473684210526
11,MAR1,naive,24.87,0.9329388560157791,0.5270394736842106,0.10526315789473684,0.8929605263157895
11,MAR1,pseudo_labels,24.87,0.9309664694280079,0.5114144736842106,0.05405405405405406,0.8926973684210526
11,MAR1,iterative_pseudo_labels,24.87,0.9309664694280079,0.5114144736842106,0.05405405405405406,0.8926973684210526
11,MAR2,naive,24.8,0.9388560157790927,0.5884868421052631,0.27906976744186046,0.8854605263157895
11,MAR2,pseudo_labels,24.8,0.9329388560157791,0.512467105263158,0.05555555555555555,0.8870394736842105
11,MAR2,iterative_pseudo_labels,24.8,0.9329388560157791,0.512467105263158,0.05555555555555555,0.8870394736842105
11,MNAR,naive,24.74,0.9388560157790927,0.6030592105263157,0.3111111111111111,0.8884210526315789
11,MNAR,pseudo_labels,24.74,0.9329388560157791,0.512467105263158,0.05555555555555555,0.888421052631579
11,MNAR,iterative_pseudo_labels,24.74,0.9329388560157791,0.512467105263158,0.05555555555555555,0.888421052631579
12,None,Oracle,0.0,0.9270216962524654,0.5238815789473684,0.0975609756097561,0.8540131578947368
12,MCAR_0.2,naive,19.61,0.9289940828402367,0.5249342105263157,0.1,0.8549342105263158
12,MCAR_0.2,pseudo_labels,19.61,0.9368836291913215,0.5145723684210526,0.058823529411764705,0.8538815789473684
12,MCAR_0.2,iterative_pseudo_labels,19.61,0.9368836291913215,0.5145723684210526,0.058823529411764705,0.8538815789473684
12,MCAR_0.5,naive,49.21,0.9270216962524654,0.5238815789473684,0.0975609756097561,0.8716447368421052
12,MCAR_0.5,pseudo_labels,49.21,0.9368836291913215,0.5145723684210526,0.058823529411764705,0.8611184210526316
12,MCAR_0.5,iterative_pseudo_labels,49.21,0.9368836291913215,0.5145723684210526,0.058823529411764705,0.8611184210526316
12,MCAR_0.8,naive,79.67,0.9211045364891519,0.5790131578947368,0.23076923076923078,0.855
12,MCAR_0.8,pseudo_labels,79.67,0.9368836291913215,0.5,0.0,0.8680263157894736
12,MCAR_0.8,iterative_pseudo_labels,79.67,0.9368836291913215,0.5,0.0,0.8680263157894736
12,MAR1,naive,24.74,0.9368836291913215,0.5145723684210526,0.058823529411764705,0.8530921052631579
12,MAR1,pseudo_labels,24.74,0.9329388560157791,0.512467105263158,0.05555555555555555,0.8513157894736842
12,MAR1,iterative_pseudo_labels,24.74,0.9329388560157791,0.512467105263158,0.05555555555555555,0.8513157894736842
12,MAR2,naive,24.54,0.9270216962524654,0.5238815789473684,0.0975609756097561,0.8558552631578947
12,MAR2,pseudo_labels,24.54,0.9349112426035503,0.528092105263158,0.10810810810810811,0.8569078947368421
12,MAR2,iterative_pseudo_labels,24.54,0.9349112426035503,0.528092105263158,0.10810810810810811,0.8569078947368421
12,MNAR,naive,24.21,0.9329388560157791,0.512467105263158,0.05555555555555555,0.8444736842105263
12,MNAR,pseudo_labels,24.21,0.9388560157790927,0.515625,0.06060606060606061,0.8401973684210526
12,MNAR,iterative_pseudo_labels,24.21,0.9388560157790927,0.515625,0.06060606060606061,0.8401973684210526
13,None,Oracle,0.0,0.9309664694280079,0.5259868421052631,0.10256410256410256,0.8573684210526316
13,MCAR_0.2,naive,19.54,0.9289940828402367,0.5249342105263157,0.1,0.8564473684210526
13,MCAR_0.2,pseudo_labels,19.54,0.9309664694280079,0.5259868421052631,0.10256410256410256,0.8601315789473685
13,MCAR_0.2,iterative_pseudo_labels,19.54,0.9309664694280079,0.5259868421052631,0.10256410256410256,0.8601315789473685
13,MCAR_0.5,naive,49.61,0.9250493096646942,0.5082565789473684,0.05,0.8526973684210526
13,MCAR_0.5,pseudo_labels,49.61,0.9368836291913215,0.5,0.0,0.8502631578947368
13,MCAR_0.5,iterative_pseudo_labels,49.61,0.9368836291913215,0.5,0.0,0.8502631578947368
13,MCAR_0.8,naive,80.13,0.9230769230769231,0.5363486842105263,0.13333333333333333,0.7999999999999999
13,MCAR_0.8,pseudo_labels,80.13,0.9368836291913215,0.5,0.0,0.804407894736842
13,MCAR_0.8,iterative_pseudo_labels,80.13,0.9368836291913215,0.5,0.0,0.804407894736842
13,MAR1,naive,25.26,0.9289940828402367,0.5249342105263157,0.1,0.8634868421052632
13,MAR1,pseudo_labels,25.26,0.9309664694280079,0.5259868421052631,0.10256410256410256,0.8586184210526315
13,MAR1,iterative_pseudo_labels,25.26,0.9309664694280079,0.5259868421052631,0.10256410256410256,0.8586184210526315
13,MAR2,naive,25.07,0.9309664694280079,0.5259868421052631,0.10256410256410256,0.8655263157894737
13,MAR2,pseudo_labels,25.07,0.9349112426035503,0.528092105263158,0.10810810810810811,0.8664473684210526
13,MAR2,iterative_pseudo_labels,25.07,0.9349112426035503,0.528092105263158,0.10810810810810811,0.8664473684210526
13,MNAR,naive,25.79,0.9329388560157791,0.5270394736842106,0.10526315789473684,0.8476973684210527
13,MNAR,pseudo_labels,25.79,0.9368836291913215,0.5,0.0,0.8467105263157895
13,MNAR,iterative_pseudo_labels,25.79,0.9368836291913215,0.5,0.0,0.8467105263157895
14,None,Oracle,0.0,0.9388560157790927,0.559342105263158,0.20512820512820512,0.9229605263157894
14,MCAR_0.2,naive,20.07,0.9388560157790927,0.559342105263158,0.20512820512820512,0.9240131578947368
14,MCAR_0.2,pseudo_labels,20.07,0.9368836291913215,0.5145723684210526,0.058823529411764705,0.9225000000000001
14,MCAR_0.2,iterative_pseudo_labels,20.07,0.9368836291913215,0.5145723684210526,0.058823529411764705,0.9225000000000001
14,MCAR_0.5,naive,51.25,0.9349112426035503,0.5718092105263157,0.23255813953488372,0.9100657894736842
14,MCAR_0.5,pseudo_labels,51.25,0.9388560157790927,0.515625,0.06060606060606061,0.910921052631579
14,MCAR_0.5,iterative_pseudo_labels,51.25,0.9388560157790927,0.515625,0.06060606060606061,0.910921052631579
14,MCAR_0.8,naive,79.21,0.9349112426035503,0.5135197368421053,0.05714285714285714,0.8489473684210527
14,MCAR_0.8,pseudo_labels,79.21,0.9368836291913215,0.5,0.0,0.8221710526315789
14,MCAR_0.8,iterative_pseudo_labels,79.21,0.9368836291913215,0.5,0.0,0.8221710526315789
14,MAR1,naive,24.28,0.9368836291913215,0.5582894736842106,0.2,0.9250657894736842
14,MAR1,pseudo_labels,24.28,0.9388560157790927,0.559342105263158,0.20512820512820512,0.9254605263157896
14,MAR1,iterative_pseudo_labels,24.28,0.9388560157790927,0.559342105263158,0.20512820512820512,0.9254605263157896
14,MAR2,naive,25.92,0.9388560157790927,0.5739144736842106,0.24390243902439024,0.9174342105263158
14,MAR2,pseudo_labels,25.92,0.9368836291913215,0.5,0.0,0.9164473684210526
14,MAR2,iterative_pseudo_labels,25.92,0.9368836291913215,0.5,0.0,0.9164473684210526
14,MNAR,naive,25.79,0.9349112426035503,0.528092105263158,0.10810810810810811,0.9186842105263158
14,MNAR,pseudo_labels,25.79,0.9349112426035503,0.49894736842105264,0.0,0.9132236842105262
14,MNAR,iterative_pseudo_labels,25.79,0.9349112426035503,0.49894736842105264,0.0,0.9132236842105262
15,None,Oracle,0.0,0.9329388560157791,0.5270394736842106,0.10526315789473684,0.8296052631578947
15,MCAR_0.2,naive,18.88,0.9289940828402367,0.5103618421052631,0.05263157894736842,0.8214473684210527
15,MCAR_0.2,pseudo_labels,18.88,0.9368836291913215,0.5145723684210526,0.058823529411764705,0.8153947368421053
15,MCAR_0.2,iterative_pseudo_labels,18.88,0.9368836291913215,0.5145723684210526,0.058823529411764705,0.8153947368421053
15,MCAR_0.5,naive,51.45,0.9329388560157791,0.5416118421052631,0.15,0.7988815789473684
15,MCAR_0.5,pseudo_labels,51.45,0.9368836291913215,0.5,0.0,0.7952631578947369
15,MCAR_0.5,iterative_pseudo_labels,51.45,0.9368836291913215,0.5,0.0,0.7952631578947369
15,MCAR_0.8,naive,82.17,0.9349112426035503,0.528092105263158,0.10810810810810811,0.8454605263157895
15,MCAR_0.8,pseudo_labels,82.17,0.9368836291913215,0.5,0.0,0.846907894736842
15,MCAR_0.8,iterative_pseudo_labels,82.17,0.9368836291913215,0.5,0.0,0.846907894736842
15,MAR1,naive,24.8,0.9368836291913215,0.543717105263158,0.15789473684210525,0.8303947368421052
15,MAR1,pseudo_labels,24.8,0.9368836291913215,0.5145723684210526,0.058823529411764705,0.8308552631578947
15,MAR1,iterative_pseudo_labels,24.8,0.9368836291913215,0.5145723684210526,0.058823529411764705,0.8308552631578947
15,MAR2,naive,24.93,0.9349112426035503,0.5426644736842106,0.15384615384615385,0.8263815789473684
15,MAR2,pseudo_labels,24.93,0.9329388560157791,0.5270394736842106,0.10526315789473684,0.8297368421052631
15,MAR2,iterative_pseudo_labels,24.93,0.9329388560157791,0.5270394736842106,0.10526315789473684,0.8297368421052631
15,MNAR,naive,25.39,0.9388560157790927,0.5447697368421053,0.16216216216216217,0.8251315789473684
15,MNAR,pseudo_labels,25.39,0.9388560157790927,0.5301973684210526,0.11428571428571428,0.8167763157894737
15,MNAR,iterative_pseudo_labels,25.39,0.9388560157790927,0.5301973684210526,0.11428571428571428,0.8167763157894737
16,None,Oracle,0.0,0.9368836291913215,0.5,0.0,0.8603947368421052
16,MCAR_0.2,naive,20.2,0.9368836291913215,0.5,0.0,0.87125
16,MCAR_0.2,pseudo_labels,20.2,0.9368836291913215,0.5,0.0,0.8772368421052632
16,MCAR_0.2,iterative_pseudo_labels,20.2,0.9368836291913215,0.5,0.0,0.8772368421052632
16,MCAR_0.5,naive,49.74,0.9408284023668639,0.53125,0.11764705882352941,0.8807894736842105
16,MCAR_0.5,pseudo_labels,49.74,0.9368836291913215,0.5,0.0,0.8795394736842106
16,MCAR_0.5,iterative_pseudo_labels,49.74,0.9368836291913215,0.5,0.0,0.8795394736842106
16,MCAR_0.8,naive,78.49,0.9349112426035503,0.5135197368421053,0.05714285714285714,0.8611184210526316
16,MCAR_0.8,pseudo_labels,78.49,0.9368836291913215,0.5,0.0,0.86
16,MCAR_0.8,iterative_pseudo_labels,78.49,0.9368836291913215,0.5,0.0,0.86
16,MAR1,naive,23.68,0.9368836291913215,0.5,0.0,0.8609868421052631
16,MAR1,pseudo_labels,23.68,0.9368836291913215,0.5,0.0,0.8701315789473685
16,MAR1,iterative_pseudo_labels,23.68,0.9368836291913215,0.5,0.0,0.8701315789473685
16,MAR2,naive,25.72,0.9368836291913215,0.5,0.0,0.8621052631578947
16,MAR2,pseudo_labels,25.72,0.9368836291913215,0.5,0.0,0.87
16,MAR2,iterative_pseudo_labels,25.72,0.9368836291913215,0.5,0.0,0.87
16,MNAR,naive,26.71,0.9368836291913215,0.5,0.0,0.8672368421052632
16,MNAR,pseudo_labels,26.71,0.9368836291913215,0.5,0.0,0.8697368421052631
16,MNAR,iterative_pseudo_labels,26.71,0.9368836291913215,0.5,0.0,0.8697368421052631
17,None,Oracle,0.0,0.9368836291913215,0.5291447368421053,0.1111111111111111,0.8507236842105264
17,MCAR_0.2,naive,17.83,0.9368836291913215,0.5291447368421053,0.1111111111111111,0.852171052631579
17,MCAR_0.2,pseudo_labels,17.83,0.9329388560157791,0.4978947368421053,0.0,0.8494078947368422
17,MCAR_0.2,iterative_pseudo_labels,17.83,0.9329388560157791,0.4978947368421053,0.0,0.8494078947368422
17,MCAR_0.5,naive,50.86,0.9309664694280079,0.5405592105263157,0.14634146341463414,0.8467105263157895
17,MCAR_0.5,pseudo_labels,50.86,0.9349112426035503,0.49894736842105264,0.0,0.8440789473684212
17,MCAR_0.5,iterative_pseudo_labels,50.86,0.9349112426035503,0.49894736842105264,0.0,0.8440789473684212
17,MCAR_0.8,naive,80.86,0.9191321499013807,0.5196710526315789,0.08888888888888889,0.8211184210526317
17,MCAR_0.8,pseudo_labels,80.86,0.9368836291913215,0.5,0.0,0.7854605263157894
17,MCAR_0.8,iterative_pseudo_labels,80.86,0.9368836291913215,0.5,0.0,0.7854605263157894
17,MAR1,naive,26.05,0.9388560157790927,0.559342105263158,0.20512820512820512,0.85375
17,MAR1,pseudo_labels,26.05,0.9388560157790927,0.515625,0.06060606060606061,0.8474999999999999
17,MAR1,iterative_pseudo_labels,26.05,0.9388560157790927,0.515625,0.06060606060606061,0.8474999999999999
17,MAR2,naive,26.91,0.9329388560157791,0.4978947368421053,0.0,0.8536184210526316
17,MAR2,pseudo_labels,26.91,0.9368836291913215,0.5,0.0,0.8527631578947369
17,MAR2,iterative_pseudo_labels,26.91,0.9368836291913215,0.5,0.0,0.8527631578947369
17,MNAR,naive,26.64,0.9329388560157791,0.4978947368421053,0.0,0.8529605263157894
17,MNAR,pseudo_labels,26.64,0.9368836291913215,0.5,0.0,0.8578947368421053
17,MNAR,iterative_pseudo_labels,26.64,0.9368836291913215,0.5,0.0,0.8578947368421053
18,None,Oracle,0.0,0.9368836291913215,0.5291447368421053,0.1111111111111111,0.844078947368421
18,MCAR_0.2,naive,17.7,0.9329388560157791,0.5416118421052631,0.15,0.8518421052631578
18,MCAR_0.2,pseudo_labels,17.7,0.9349112426035503,0.528092105263158,0.10810810810810811,0.8494078947368421
18,MCAR_0.2,iterative_pseudo_labels,17.7,0.9349112426035503,0.528092105263158,0.10810810810810811,0.8494078947368421
18,MCAR_0.5,naive,52.04,0.9349112426035503,0.528092105263158,0.10810810810810811,0.8367763157894736
18,MCAR_0.5,pseudo_labels,52.04,0.9368836291913215,0.5145723684210526,0.058823529411764705,0.8374999999999999
18,MCAR_0.5,iterative_pseudo_labels,52.04,0.9368836291913215,0.5145723684210526,0.058823529411764705,0.8374999999999999
18,MCAR_0.8,naive,80.46,0.9211045364891519,0.5498684210526316,0.16666666666666666,0.8141447368421053
18,MCAR_0.8,pseudo_labels,80.46,0.9368836291913215,0.5,0.0,0.8066447368421052
18,MCAR_0.8,iterative_pseudo_labels,80.46,0.9368836291913215,0.5,0.0,0.8066447368421052
18,MAR1,naive,24.14,0.9349112426035503,0.5426644736842106,0.15384615384615385,0.8424342105263157
18,MAR1,pseudo_labels,24.14,0.9368836291913215,0.5291447368421053,0.1111111111111111,0.8436184210526315
18,MAR1,iterative_pseudo_labels,24.14,0.9368836291913215,0.5291447368421053,0.1111111111111111,0.8436184210526315
18,MAR2,naive,24.93,0.9309664694280079,0.5405592105263157,0.14634146341463414,0.8472368421052632
18,MAR2,pseudo_labels,24.93,0.9349112426035503,0.528092105263158,0.10810810810810811,0.8505921052631579
18,MAR2,iterative_pseudo_labels,24.93,0.9349112426035503,0.528092105263158,0.10810810810810811,0.8505921052631579
18,MNAR,naive,24.87,0.9388560157790927,0.5447697368421053,0.16216216216216217,0.840328947368421
18,MNAR,pseudo_labels,24.87,0.9368836291913215,0.5145723684210526,0.058823529411764705,0.8307894736842105
18,MNAR,iterative_pseudo_labels,24.87,0.9368836291913215,0.5145723684210526,0.058823529411764705,0.8307894736842105
19,None,Oracle,0.0,0.9368836291913215,0.5145723684210526,0.058823529411764705,0.8811184210526316
19,MCAR_0.2,naive,20.13,0.9368836291913215,0.5145723684210526,0.058823529411764705,0.8816447368421052
19,MCAR_0.2,pseudo_labels,20.13,0.9368836291913215,0.5,0.0,0.8833552631578947
19,MCAR_0.2,iterative_pseudo_labels,20.13,0.9368836291913215,0.5,0.0,0.8833552631578947
19,MCAR_0.5,naive,52.37,0.9309664694280079,0.5405592105263157,0.14634146341463414,0.8605921052631579
19,MCAR_0.5,pseudo_labels,52.37,0.9368836291913215,0.5,0.0,0.851578947368421
19,MCAR_0.5,iterative_pseudo_labels,52.37,0.9368836291913215,0.5,0.0,0.851578947368421
19,MCAR_0.8,naive,81.25,0.9368836291913215,0.5291447368421053,0.1111111111111111,0.8906578947368421
19,MCAR_0.8,pseudo_labels,81.25,0.9368836291913215,0.5,0.0,0.8926315789473684
19,MCAR_0.8,iterative_pseudo_labels,81.25,0.9368836291913215,0.5,0.0,0.8926315789473684
19,MAR1,naive,24.67,0.9349112426035503,0.5135197368421053,0.05714285714285714,0.8739473684210527
19,MAR1,pseudo_labels,24.67,0.9368836291913215,0.5,0.0,0.8465789473684211
19,MAR1,iterative_pseudo_labels,24.67,0.9368836291913215,0.5,0.0,0.8465789473684211
19,MAR2,naive,25.86,0.9309664694280079,0.5114144736842106,0.05405405405405406,0.8808552631578946
19,MAR2,pseudo_labels,25.86,0.9368836291913215,0.5,0.0,0.8804605263157895
19,MAR2,iterative_pseudo_labels,25.86,0.9368836291913215,0.5,0.0,0.8804605263157895
19,MNAR,naive,27.11,0.9349112426035503,0.49894736842105264,0.0,0.8723026315789475
19,MNAR,pseudo_labels,27.11,0.9368836291913215,0.5,0.0,0.8692105263157895
19,MNAR,iterative_pseudo_labels,27.11,0.9368836291913215,0.5,0.0,0.8692105263157895
20,None,Oracle,0.0,0.9388560157790927,0.559342105263158,0.20512820512820512,0.8905263157894737
20,MCAR_0.2,naive,21.45,0.9428007889546351,0.590592105263158,0.2926829268292683,0.8896710526315789
20,MCAR_0.2,pseudo_labels,21.45,0.9388560157790927,0.5301973684210526,0.11428571428571428,0.8807236842105264
20,MCAR_0.2,iterative_pseudo_labels,21.45,0.9388560157790927,0.5301973684210526,0.11428571428571428,0.8807236842105264
20,MCAR_0.5,naive,49.87,0.9447731755424064,0.5770723684210526,0.2631578947368421,0.8910526315789473
20,MCAR_0.5,pseudo_labels,49.87,0.9388560157790927,0.515625,0.06060606060606061,0.8891447368421053
20,MCAR_0.5,iterative_pseudo_labels,49.87,0.9388560157790927,0.515625,0.06060606060606061,0.8891447368421053
20,MCAR_0.8,naive,81.05,0.9447731755424064,0.6645065789473684,0.44,0.8784868421052632
20,MCAR_0.8,pseudo_labels,81.05,0.9368836291913215,0.5,0.0,0.8580263157894736
20,MCAR_0.8,iterative_pseudo_labels,81.05,0.9368836291913215,0.5,0.0,0.8580263157894736
20,MAR1,naive,23.49,0.9428007889546351,0.590592105263158,0.2926829268292683,0.8904605263157894
20,MAR1,pseudo_labels,23.49,0.9368836291913215,0.543717105263158,0.15789473684210525,0.8853947368421053
20,MAR1,iterative_pseudo_labels,23.49,0.9368836291913215,0.543717105263158,0.15789473684210525,0.8853947368421053
20,MAR2,naive,25.59,0.9408284023668639,0.574967105263158,0.25,0.8855263157894736
20,MAR2,pseudo_labels,25.59,0.9408284023668639,0.53125,0.11764705882352941,0.8798684210526315
20,MAR2,iterative_pseudo_labels,25.59,0.9408284023668639,0.53125,0.11764705882352941,0.8798684210526315
20,MNAR,naive,26.51,0.9408284023668639,0.5458223684210526,0.16666666666666666,0.8882236842105263
20,MNAR,pseudo_labels,26.51,0.9408284023668639,0.53125,0.11764705882352941,0.8920394736842105
20,MNAR,iterative_pseudo_labels,26.51,0.9408284023668639,0.53125,0.11764705882352941,0.8920394736842105
21,None,Oracle,0.0,0.9388560157790927,0.5447697368421053,0.16216216216216217,0.8755921052631579
21,MCAR_0.2,naive,20.26,0.9368836291913215,0.5291447368421053,0.1111111111111111,0.8721052631578946
21,MCAR_0.2,pseudo_labels,20.26,0.9388560157790927,0.5447697368421053,0.16216216216216217,0.8705263157894736
21,MCAR_0.2,iterative_pseudo_labels,20.26,0.9388560157790927,0.5447697368421053,0.16216216216216217,0.8705263157894736
21,MCAR_0.5,naive,51.91,0.9388560157790927,0.5447697368421053,0.16216216216216217,0.8738157894736842
21,MCAR_0.5,pseudo_labels,51.91,0.9368836291913215,0.5145723684210526,0.058823529411764705,0.8699342105263158
21,MCAR_0.5,iterative_pseudo_labels,51.91,0.9368836291913215,0.5145723684210526,0.058823529411764705,0.8699342105263158
21,MCAR_0.8,naive,79.74,0.9447731755424064,0.6790789473684211,0.46153846153846156,0.8967763157894736
21,MCAR_0.8,pseudo_labels,79.74,0.9368836291913215,0.5,0.0,0.9014473684210527
21,MCAR_0.8,iterative_pseudo_labels,79.74,0.9368836291913215,0.5,0.0,0.9014473684210527
21,MAR1,naive,25.13,0.9368836291913215,0.5291447368421053,0.1111111111111111,0.8771710526315789
21,MAR1,pseudo_labels,25.13,0.9408284023668639,0.5603947368421053,0.21052631578947367,0.8857236842105263
21,MAR1,iterative_pseudo_labels,25.13,0.9408284023668639,0.5603947368421053,0.21052631578947367,0.8857236842105263
21,MAR2,naive,26.32,0.9408284023668639,0.5603947368421053,0.21052631578947367,0.8724342105263158
21,MAR2,pseudo_labels,26.32,0.9349112426035503,0.49894736842105264,0.0,0.8726315789473684
21,MAR2,iterative_pseudo_labels,26.32,0.9349112426035503,0.49894736842105264,0.0,0.8726315789473684
21,MNAR,naive,25.33,0.9368836291913215,0.5291447368421053,0.1111111111111111,0.87
21,MNAR,pseudo_labels,25.33,0.9349112426035503,0.49894736842105264,0.0,0.8697368421052631
21,MNAR,iterative_pseudo_labels,25.33,0.9349112426035503,0.49894736842105264,0.0,0.8697368421052631
22,None,Oracle,0.0,0.9388560157790927,0.5447697368421053,0.16216216216216217,0.8960526315789473
22,MCAR_0.2,naive,21.45,0.9408284023668639,0.5603947368421053,0.21052631578947367,0.8999342105263157
22,MCAR_0.2,pseudo_labels,21.45,0.9368836291913215,0.5291447368421053,0.1111111111111111,0.8921052631578947
22,MCAR_0.2,iterative_pseudo_labels,21.45,0.9368836291913215,0.5291447368421053,0.1111111111111111,0.8921052631578947
22,MCAR_0.5,naive,48.62,0.9349112426035503,0.5426644736842106,0.15384615384615385,0.8931578947368422
22,MCAR_0.5,pseudo_labels,48.62,0.9349112426035503,0.49894736842105264,0.0,0.8869736842105264
22,MCAR_0.5,iterative_pseudo_labels,48.62,0.9349112426035503,0.49894736842105264,0.0,0.8869736842105264
22,MCAR_0.8,naive,78.68,0.9408284023668639,0.6186842105263157,0.34782608695652173,0.8736842105263158
22,MCAR_0.8,pseudo_labels,78.68,0.9368836291913215,0.5,0.0,0.881578947368421
22,MCAR_0.8,iterative_pseudo_labels,78.68,0.9368836291913215,0.5,0.0,0.881578947368421
22,MAR1,naive,25.59,0.9349112426035503,0.5426644736842106,0.15384615384615385,0.8886184210526316
22,MAR1,pseudo_labels,25.59,0.9408284023668639,0.5458223684210526,0.16666666666666666,0.880328947368421
22,MAR1,iterative_pseudo_labels,25.59,0.9408284023668639,0.5458223684210526,0.16666666666666666,0.880328947368421
22,MAR2,naive,24.54,0.9388560157790927,0.5447697368421053,0.16216216216216217,0.890657894736842
22,MAR2,pseudo_labels,24.54,0.9388560157790927,0.5301973684210526,0.11428571428571428,0.8919736842105264
22,MAR2,iterative_pseudo_labels,24.54,0.9388560157790927,0.5301973684210526,0.11428571428571428,0.8919736842105264
22,MNAR,naive,28.55,0.9408284023668639,0.5458223684210526,0.16666666666666666,0.8869736842105262
22,MNAR,pseudo_labels,28.55,0.9368836291913215,0.5,0.0,0.8832894736842105
22,MNAR,iterative_pseudo_labels,28.55,0.9368836291913215,0.5,0.0,0.8832894736842105
23,None,Oracle,0.0,0.9368836291913215,0.5,0.0,0.8151973684210525
23,MCAR_0.2,naive,19.47,0.9349112426035503,0.49894736842105264,0.0,0.8156578947368421
23,MCAR_0.2,pseudo_labels,19.47,0.9368836291913215,0.5,0.0,0.8204605263157894
23,MCAR_0.2,iterative_pseudo_labels,19.47,0.9368836291913215,0.5,0.0,0.8204605263157894
23,MCAR_0.5,naive,48.36,0.9349112426035503,0.49894736842105264,0.0,0.7776315789473685
23,MCAR_0.5,pseudo_labels,48.36,0.9368836291913215,0.5,0.0,0.8433552631578947
23,MCAR_0.5,iterative_pseudo_labels,48.36,0.9368836291913215,0.5,0.0,0.8433552631578947
23,MCAR_0.8,naive,79.34,0.9368836291913215,0.5,0.0,0.8283552631578948
23,MCAR_0.8,pseudo_labels,79.34,0.9368836291913215,0.5,0.0,0.8316447368421052
23,MCAR_0.8,iterative_pseudo_labels,79.34,0.9368836291913215,0.5,0.0,0.8316447368421052
23,MAR1,naive,24.47,0.9368836291913215,0.5,0.0,0.8226315789473684
23,MAR1,pseudo_labels,24.47,0.9368836291913215,0.5,0.0,0.8290131578947368
23,MAR1,iterative_pseudo_labels,24.47,0.9368836291913215,0.5,0.0,0.8290131578947368
23,MAR2,naive,24.41,0.9349112426035503,0.49894736842105264,0.0,0.8215789473684212
23,MAR2,pseudo_labels,24.41,0.9368836291913215,0.5,0.0,0.8419736842105262
23,MAR2,iterative_pseudo_labels,24.41,0.9368836291913215,0.5,0.0,0.8419736842105262
23,MNAR,naive,26.25,0.9368836291913215,0.5,0.0,0.8041447368421052
23,MNAR,pseudo_labels,26.25,0.9368836291913215,0.5,0.0,0.8461184210526316
23,MNAR,iterative_pseudo_labels,26.25,0.9368836291913215,0.5,0.0,0.8461184210526316
24,None,Oracle,0.0,0.9408284023668639,0.5603947368421053,0.21052631578947367,0.9273684210526316
24,MCAR_0.2,naive,20.07,0.9408284023668639,0.5458223684210526,0.16666666666666666,0.9318421052631579
24,MCAR_0.2,pseudo_labels,20.07,0.9408284023668639,0.53125,0.11764705882352941,0.9298684210526316
24,MCAR_0.2,iterative_pseudo_labels,20.07,0.9408284023668639,0.53125,0.11764705882352941,0.9298684210526316
24,MCAR_0.5,naive,48.95,0.9368836291913215,0.5582894736842106,0.2,0.8879605263157895
24,MCAR_0.5,pseudo_labels,48.95,0.9368836291913215,0.5,0.0,0.8942105263157895
24,MCAR_0.5,iterative_pseudo_labels,48.95,0.9368836291913215,0.5,0.0,0.8942105263157895
24,MCAR_0.8,naive,78.16,0.9368836291913215,0.5,0.0,0.9047368421052632
24,MCAR_0.8,pseudo_labels,78.16,0.9368836291913215,0.5,0.0,0.8936184210526316
24,MCAR_0.8,iterative_pseudo_labels,78.16,0.9368836291913215,0.5,0.0,0.8936184210526316
24,MAR1,naive,25.46,0.9447731755424064,0.6207894736842106,0.36363636363636365,0.8867105263157895
24,MAR1,pseudo_labels,25.46,0.9388560157790927,0.5447697368421053,0.16216216216216217,0.8877631578947368
24,MAR1,iterative_pseudo_labels,25.46,0.9388560157790927,0.5447697368421053,0.16216216216216217,0.8877631578947368
24,MAR2,naive,23.82,0.9408284023668639,0.5603947368421053,0.21052631578947367,0.9342105263157895
24,MAR2,pseudo_labels,23.82,0.9408284023668639,0.53125,0.11764705882352941,0.9322368421052631
24,MAR2,iterative_pseudo_labels,23.82,0.9408284023668639,0.53125,0.11764705882352941,0.9322368421052631
24,MNAR,naive,26.12,0.9408284023668639,0.53125,0.11764705882352941,0.9267105263157895
24,MNAR,pseudo_labels,26.12,0.9388560157790927,0.515625,0.06060606060606061,0.9325657894736843
24,MNAR,iterative_pseudo_labels,26.12,0.9388560157790927,0.515625,0.06060606060606061,0.9325657894736843
25,None,Oracle,0.0,0.9408284023668639,0.5458223684210526,0.16666666666666666,0.8902631578947369
25,MCAR_0.2,naive,17.96,0.9408284023668639,0.5603947368421053,0.21052631578947367,0.8817763157894736
25,MCAR_0.2,pseudo_labels,17.96,0.9388560157790927,0.5301973684210526,0.11428571428571428,0.8851315789473684
25,MCAR_0.2,iterative_pseudo_labels,17.96,0.9388560157790927,0.5301973684210526,0.11428571428571428,0.8851315789473684
25,MCAR_0.5,naive,49.14,0.9309664694280079,0.5114144736842106,0.05405405405405406,0.8418421052631578
25,MCAR_0.5,pseudo_labels,49.14,0.9368836291913215,0.5,0.0,0.8864802631578947
25,MCAR_0.5,iterative_pseudo_labels,49.14,0.9368836291913215,0.5,0.0,0.8864802631578947
25,MCAR_0.8,naive,78.95,0.9250493096646942,0.5228289473684211,0.09523809523809523,0.8195394736842105
25,MCAR_0.8,pseudo_labels,78.95,0.9368836291913215,0.5,0.0,0.8150000000000001
25,MCAR_0.8,iterative_pseudo_labels,78.95,0.9368836291913215,0.5,0.0,0.8150000000000001
25,MAR1,naive,25.39,0.9368836291913215,0.5145723684210526,0.058823529411764705,0.8985197368421053
25,MAR1,pseudo_labels,25.39,0.9349112426035503,0.49894736842105264,0.0,0.8950657894736842
25,MAR1,iterative_pseudo_labels,25.39,0.9349112426035503,0.49894736842105264,0.0,0.8950657894736842
25,MAR2,naive,25.66,0.9428007889546351,0.5614473684210526,0.21621621621621623,0.8913815789473684
25,MAR2,pseudo_labels,25.66,0.9349112426035503,0.49894736842105264,0.0,0.8925657894736843
25,MAR2,iterative_pseudo_labels,25.66,0.9349112426035503,0.49894736842105264,0.0,0.8925657894736843
25,MNAR,naive,24.8,0.9368836291913215,0.5145723684210526,0.058823529411764705,0.8950657894736842
25,MNAR,pseudo_labels,24.8,0.9368836291913215,0.5,0.0,0.8957894736842105
25,MNAR,iterative_pseudo_labels,24.8,0.9368836291913215,0.5,0.0,0.8957894736842105
26,None,Oracle,0.0,0.9270216962524654,0.5238815789473684,0.0975609756097561,0.8560526315789474
26,MCAR_0.2,naive,19.74,0.9289940828402367,0.5249342105263157,0.1,0.8576973684210527
26,MCAR_0.2,pseudo_labels,19.74,0.9309664694280079,0.4968421052631579,0.0,0.8519736842105263
26,MCAR_0.2,iterative_pseudo_labels,19.74,0.9309664694280079,0.4968421052631579,0.0,0.8519736842105263
26,MCAR_0.5,naive,48.82,0.9289940828402367,0.5249342105263157,0.1,0.8572368421052632
26,MCAR_0.5,pseudo_labels,48.82,0.9368836291913215,0.5,0.0,0.8553947368421053
26,MCAR_0.5,iterative_pseudo_labels,48.82,0.9368836291913215,0.5,0.0,0.8553947368421053
26,MCAR_0.8,naive,78.03,0.9309664694280079,0.5551315789473684,0.18604651162790697,0.8252631578947368
26,MCAR_0.8,pseudo_labels,78.03,0.9368836291913215,0.5,0.0,0.8288815789473685
26,MCAR_0.8,iterative_pseudo_labels,78.03,0.9368836291913215,0.5,0.0,0.8288815789473685
26,MAR1,naive,25.72,0.9309664694280079,0.5551315789473684,0.18604651162790697,0.8503947368421053
26,MAR1,pseudo_labels,25.72,0.9309664694280079,0.4968421052631579,0.0,0.8548026315789474
26,MAR1,iterative_pseudo_labels,25.72,0.9309664694280079,0.4968421052631579,0.0,0.8548026315789474
26,MAR2,naive,25.2,0.9289940828402367,0.5249342105263157,0.1,0.8436184210526316
26,MAR2,pseudo_labels,25.2,0.9289940828402367,0.4957894736842105,0.0,0.8398684210526315
26,MAR2,iterative_pseudo_labels,25.2,0.9289940828402367,0.4957894736842105,0.0,0.8398684210526315
26,MNAR,naive,25.0,0.9289940828402367,0.5249342105263157,0.1,0.8440131578947369
26,MNAR,pseudo_labels,25.0,0.9289940828402367,0.4957894736842105,0.0,0.847171052631579
26,MNAR,iterative_pseudo_labels,25.0,0.9289940828402367,0.4957894736842105,0.0,0.847171052631579
27,None,Oracle,0.0,0.9388560157790927,0.5447697368421053,0.16216216216216217,0.9052631578947368
27,MCAR_0.2,naive,20.72,0.9368836291913215,0.543717105263158,0.15789473684210525,0.9073026315789474
27,MCAR_0.2,pseudo_labels,20.72,0.9388560157790927,0.515625,0.06060606060606061,0.9065131578947369
27,MCAR_0.2,iterative_pseudo_labels,20.72,0.9388560157790927,0.515625,0.06060606060606061,0.9065131578947369
27,MCAR_0.5,naive,49.41,0.9329388560157791,0.5853289473684211,0.2608695652173913,0.8935526315789474
27,MCAR_0.5,pseudo_labels,49.41,0.9368836291913215,0.5145723684210526,0.058823529411764705,0.8968421052631579
27,MCAR_0.5,iterative_pseudo_labels,49.41,0.9368836291913215,0.5145723684210526,0.058823529411764705,0.8968421052631579
27,MCAR_0.8,naive,81.25,0.9250493096646942,0.6102631578947368,0.2962962962962963,0.8929605263157895
27,MCAR_0.8,pseudo_labels,81.25,0.9388560157790927,0.515625,0.06060606060606061,0.8876973684210527
27,MCAR_0.8,iterative_pseudo_labels,81.25,0.9388560157790927,0.515625,0.06060606060606061,0.8876973684210527
27,MAR1,naive,25.72,0.9408284023668639,0.5895394736842106,0.2857142857142857,0.8975657894736843
27,MAR1,pseudo_labels,25.72,0.9368836291913215,0.5145723684210526,0.058823529411764705,0.9025657894736843
27,MAR1,iterative_pseudo_labels,25.72,0.9368836291913215,0.5145723684210526,0.058823529411764705,0.9025657894736843
27,MAR2,naive,22.17,0.9368836291913215,0.5145723684210526,0.058823529411764705,0.8875
27,MAR2,pseudo_labels,22.17,0.9368836291913215,0.543717105263158,0.15789473684210525,0.89
27,MAR2,iterative_pseudo_labels,22.17,0.9368836291913215,0.543717105263158,0.15789473684210525,0.89
27,MNAR,naive,27.96,0.9368836291913215,0.5291447368421053,0.1111111111111111,0.9136842105263158
27,MNAR,pseudo_labels,27.96,0.9368836291913215,0.5,0.0,0.9079605263157894
27,MNAR,iterative_pseudo_labels,27.96,0.9368836291913215,0.5,0.0,0.9079605263157894
28,None,Oracle,0.0,0.9408284023668639,0.5603947368421053,0.21052631578947367,0.8901315789473685
28,MCAR_0.2,naive,20.59,0.9428007889546351,0.590592105263158,0.2926829268292683,0.8988157894736842
28,MCAR_0.2,pseudo_labels,20.59,0.9408284023668639,0.5603947368421053,0.21052631578947367,0.8982894736842105
28,MCAR_0.2,iterative_pseudo_labels,20.59,0.9408284023668639,0.5603947368421053,0.21052631578947367,0.8982894736842105
28,MCAR_0.5,naive,48.68,0.9388560157790927,0.5739144736842106,0.24390243902439024,0.8785526315789474
28,MCAR_0.5,pseudo_labels,48.68,0.9428007889546351,0.546875,0.17142857142857143,0.8823026315789474
28,MCAR_0.5,iterative_pseudo_labels,48.68,0.9428007889546351,0.546875,0.17142857142857143,0.8823026315789474
28,MCAR_0.8,naive,78.36,0.9467455621301775,0.5926973684210526,0.3076923076923077,0.8678289473684211
28,MCAR_0.8,pseudo_labels,78.36,0.9368836291913215,0.5,0.0,0.8735526315789474
28,MCAR_0.8,iterative_pseudo_labels,78.36,0.9368836291913215,0.5,0.0,0.8735526315789474
28,MAR1,naive,24.14,0.9368836291913215,0.5291447368421053,0.1111111111111111,0.8947368421052632
28,MAR1,pseudo_labels,24.14,0.9368836291913215,0.5,0.0,0.8996052631578948
28,MAR1,iterative_pseudo_labels,24.14,0.9368836291913215,0.5,0.0,0.8996052631578948
28,MAR2,naive,23.62,0.9349112426035503,0.5135197368421053,0.05714285714285714,0.8911184210526316
28,MAR2,pseudo_labels,23.62,0.9368836291913215,0.5291447368421053,0.1111111111111111,0.8979605263157894
28,MAR2,iterative_pseudo_labels,23.62,0.9368836291913215,0.5291447368421053,0.1111111111111111,0.8979605263157894
28,MNAR,naive,23.55,0.9368836291913215,0.5291447368421053,0.1111111111111111,0.8932236842105263
28,MNAR,pseudo_labels,23.55,0.9388560157790927,0.515625,0.06060606060606061,0.8928289473684211
28,MNAR,iterative_pseudo_labels,23.55,0.9388560157790927,0.515625,0.06060606060606061,0.8928289473684211
29,None,Oracle,0.0,0.9388560157790927,0.515625,0.06060606060606061,0.8572368421052632
29,MCAR_0.2,naive,20.59,0.9388560157790927,0.515625,0.06060606060606061,0.8592105263157894
29,MCAR_0.2,pseudo_labels,20.59,0.9388560157790927,0.515625,0.06060606060606061,0.8605263157894737
29,MCAR_0.2,iterative_pseudo_labels,20.59,0.9388560157790927,0.515625,0.06060606060606061,0.8605263157894737
29,MCAR_0.5,naive,48.55,0.9368836291913215,0.5145723684210526,0.058823529411764705,0.8531578947368421
29,MCAR_0.5,pseudo_labels,48.55,0.9368836291913215,0.5,0.0,0.8507894736842105
29,MCAR_0.5,iterative_pseudo_labels,48.55,0.9368836291913215,0.5,0.0,0.8507894736842105
29,MCAR_0.8,naive,80.66,0.9289940828402367,0.5540789473684211,0.18181818181818182,0.7807236842105263
29,MCAR_0.8,pseudo_labels,80.66,0.9368836291913215,0.5,0.0,0.7797368421052632
29,MCAR_0.8,iterative_pseudo_labels,80.66,0.9368836291913215,0.5,0.0,0.7797368421052632
29,MAR1,naive,24.34,0.9368836291913215,0.5145723684210526,0.058823529411764705,0.855
29,MAR1,pseudo_labels,24.34,0.9388560157790927,0.515625,0.06060606060606061,0.861578947368421
29,MAR1,iterative_pseudo_labels,24.34,0.9388560157790927,0.515625,0.06060606060606061,0.861578947368421
29,MAR2,naive,23.88,0.9368836291913215,0.5145723684210526,0.058823529411764705,0.8591447368421052
29,MAR2,pseudo_labels,23.88,0.9368836291913215,0.5,0.0,0.8595394736842106
29,MAR2,iterative_pseudo_labels,23.88,0.9368836291913215,0.5,0.0,0.8595394736842106
29,MNAR,naive,25.92,0.9388560157790927,0.515625,0.06060606060606061,0.8554605263157895
29,MNAR,pseudo_labels,25.92,0.9368836291913215,0.5,0.0,0.8480263157894737
29,MNAR,iterative_pseudo_labels,25.92,0.9368836291913215,0.5,0.0,0.8480263157894737
30,None,Oracle,0.0,0.9388560157790927,0.559342105263158,0.20512820512820512,0.8777631578947369
30,MCAR_0.2,naive,19.34,0.9388560157790927,0.5447697368421053,0.16216216216216217,0.8757236842105264
30,MCAR_0.2,pseudo_labels,19.34,0.9388560157790927,0.5447697368421053,0.16216216216216217,0.8716118421052631
30,MCAR_0.2,iterative_pseudo_labels,19.34,0.9388560157790927,0.5447697368421053,0.16216216216216217,0.8716118421052631
30,MCAR_0.5,naive,51.97,0.9368836291913215,0.5582894736842106,0.2,0.8765789473684211
30,MCAR_0.5,pseudo_labels,51.97,0.9388560157790927,0.515625,0.06060606060606061,0.8752631578947369
30,MCAR_0.5,iterative_pseudo_labels,51.97,0.9388560157790927,0.515625,0.06060606060606061,0.8752631578947369
30,MCAR_0.8,naive,79.21,0.9230769230769231,0.5800657894736843,0.23529411764705882,0.8536184210526315
30,MCAR_0.8,pseudo_labels,79.21,0.9368836291913215,0.5,0.0,0.8474999999999999
30,MCAR_0.8,iterative_pseudo_labels,79.21,0.9368836291913215,0.5,0.0,0.8474999999999999
30,MAR1,naive,24.47,0.9388560157790927,0.5447697368421053,0.16216216216216217,0.8807236842105263
30,MAR1,pseudo_labels,24.47,0.9408284023668639,0.53125,0.11764705882352941,0.8801973684210527
30,MAR1,iterative_pseudo_labels,24.47,0.9408284023668639,0.53125,0.11764705882352941,0.8801973684210527
30,MAR2,naive,26.12,0.9368836291913215,0.543717105263158,0.15789473684210525,0.8776973684210526
30,MAR2,pseudo_labels,26.12,0.9388560157790927,0.5301973684210526,0.11428571428571428,0.8776315789473684
30,MAR2,iterative_pseudo_labels,26.12,0.9388560157790927,0.5301973684210526,0.11428571428571428,0.8776315789473684
30,MNAR,naive,25.46,0.9388560157790927,0.5301973684210526,0.11428571428571428,0.864407894736842
30,MNAR,pseudo_labels,25.46,0.9388560157790927,0.515625,0.06060606060606061,0.862532894736842
30,MNAR,iterative_pseudo_labels,25.46,0.9388560157790927,0.515625,0.06060606060606061,0.862532894736842
31,None,Oracle,0.0,0.9408284023668639,0.5603947368421053,0.21052631578947367,0.8473684210526317
31,MCAR_0.2,naive,18.29,0.9388560157790927,0.559342105263158,0.20512820512820512,0.8511184210526315
31,MCAR_0.2,pseudo_labels,18.29,0.9349112426035503,0.5135197368421053,0.05714285714285714,0.8469078947368421
31,MCAR_0.2,iterative_pseudo_labels,18.29,0.9349112426035503,0.5135197368421053,0.05714285714285714,0.8469078947368421
31,MCAR_0.5,naive,52.24,0.9309664694280079,0.5551315789473684,0.18604651162790697,0.8327631578947368
31,MCAR_0.5,pseudo_labels,52.24,0.9368836291913215,0.5,0.0,0.8350657894736843
31,MCAR_0.5,iterative_pseudo_labels,52.24,0.9368836291913215,0.5,0.0,0.8350657894736843
31,MCAR_0.8,naive,78.88,0.9270216962524654,0.5530263157894737,0.17777777777777778,0.8090131578947368
31,MCAR_0.8,pseudo_labels,78.88,0.9368836291913215,0.5,0.0,0.7897368421052632
31,MCAR_0.8,iterative_pseudo_labels,78.88,0.9368836291913215,0.5,0.0,0.7897368421052632
31,MAR1,naive,25.99,0.9408284023668639,0.5603947368421053,0.21052631578947367,0.8376973684210526
31,MAR1,pseudo_labels,25.99,0.9349112426035503,0.5135197368421053,0.05714285714285714,0.831907894736842
31,MAR1,iterative_pseudo_labels,25.99,0.9349112426035503,0.5135197368421053,0.05714285714285714,0.831907894736842
31,MAR2,naive,25.79,0.9388560157790927,0.5447697368421053,0.16216216216216217,0.849078947368421
31,MAR2,pseudo_labels,25.79,0.9368836291913215,0.5145723684210526,0.058823529411764705,0.8497368421052631
31,MAR2,iterative_pseudo_labels,25.79,0.9368836291913215,0.5145723684210526,0.058823529411764705,0.8497368421052631
31,MNAR,naive,25.46,0.9349112426035503,0.5135197368421053,0.05714285714285714,0.8436184210526316
31,MNAR,pseudo_labels,25.46,0.9388560157790927,0.515625,0.06060606060606061,0.8357236842105263
31,MNAR,iterative_pseudo_labels,25.46,0.9388560157790927,0.515625,0.06060606060606061,0.8357236842105263
32,None,Oracle,0.0,0.9329388560157791,0.5416118421052631,0.15,0.910328947368421
32,MCAR_0.2,naive,18.55,0.9309664694280079,0.5405592105263157,0.14634146341463414,0.9044078947368421
32,MCAR_0.2,pseudo_labels,18.55,0.9388560157790927,0.515625,0.06060606060606061,0.8976973684210526
32,MCAR_0.2,iterative_pseudo_labels,18.55,0.9388560157790927,0.515625,0.06060606060606061,0.8976973684210526
32,MCAR_0.5,naive,49.47,0.9428007889546351,0.5760197368421053,0.2564102564102564,0.9192763157894737
32,MCAR_0.5,pseudo_labels,49.47,0.9388560157790927,0.515625,0.06060606060606061,0.9211842105263158
32,MCAR_0.5,iterative_pseudo_labels,49.47,0.9388560157790927,0.515625,0.06060606060606061,0.9211842105263158
32,MCAR_0.8,naive,79.8,0.9388560157790927,0.5301973684210526,0.11428571428571428,0.906842105263158
32,MCAR_0.8,pseudo_labels,79.8,0.9368836291913215,0.5,0.0,0.9121710526315789
32,MCAR_0.8,iterative_pseudo_labels,79.8,0.9368836291913215,0.5,0.0,0.9121710526315789
32,MAR1,naive,22.3,0.9368836291913215,0.543717105263158,0.15789473684210525,0.9063815789473683
32,MAR1,pseudo_labels,22.3,0.9388560157790927,0.515625,0.06060606060606061,0.9055921052631579
32,MAR1,iterative_pseudo_labels,22.3,0.9388560157790927,0.515625,0.06060606060606061,0.9055921052631579
32,MAR2,naive,24.47,0.9368836291913215,0.5145723684210526,0.058823529411764705,0.9048684210526315
32,MAR2,pseudo_labels,24.47,0.9368836291913215,0.5145723684210526,0.058823529411764705,0.9100657894736842
32,MAR2,iterative_pseudo_labels,24.47,0.9368836291913215,0.5145723684210526,0.058823529411764705,0.9100657894736842
32,MNAR,naive,28.36,0.9349112426035503,0.5426644736842106,0.15384615384615385,0.892828947368421
32,MNAR,pseudo_labels,28.36,0.9368836291913215,0.5,0.0,0.8860526315789474
32,MNAR,iterative_pseudo_labels,28.36,0.9368836291913215,0.5,0.0,0.8860526315789474
33,None,Oracle,0.0,0.9289940828402367,0.5540789473684211,0.18181818181818182,0.8375
33,MCAR_0.2,naive,22.24,0.9329388560157791,0.5416118421052631,0.15,0.8414473684210526
33,MCAR_0.2,pseudo_labels,22.24,0.9329388560157791,0.5270394736842106,0.10526315789473684,0.8389473684210527
33,MCAR_0.2,iterative_pseudo_labels,22.24,0.9329388560157791,0.5270394736842106,0.10526315789473684,0.8389473684210527
33,MCAR_0.5,naive,50.07,0.9329388560157791,0.5270394736842106,0.10526315789473684,0.8340131578947368
33,MCAR_0.5,pseudo_labels,50.07,0.9349112426035503,0.49894736842105264,0.0,0.8294736842105263
33,MCAR_0.5,iterative_pseudo_labels,50.07,0.9349112426035503,0.49894736842105264,0.0,0.8294736842105263
33,MCAR_0.8,naive,80.92,0.9191321499013807,0.5925328947368421,0.2545454545454545,0.8215131578947369
33,MCAR_0.8,pseudo_labels,80.92,0.9368836291913215,0.5,0.0,0.827171052631579
33,MCAR_0.8,iterative_pseudo_labels,80.92,0.9368836291913215,0.5,0.0,0.827171052631579
33,MAR1,naive,24.47,0.9289940828402367,0.5540789473684211,0.18181818181818182,0.8382236842105264
33,MAR1,pseudo_labels,24.47,0.9349112426035503,0.5135197368421053,0.05714285714285714,0.8373684210526317
33,MAR1,iterative_pseudo_labels,24.47,0.9349112426035503,0.5135197368421053,0.05714285714285714,0.8373684210526317
33,MAR2,naive,26.38,0.9250493096646942,0.5665460526315789,0.20833333333333334,0.845657894736842
33,MAR2,pseudo_labels,26.38,0.9349112426035503,0.49894736842105264,0.0,0.8454605263157895
33,MAR2,iterative_pseudo_labels,26.38,0.9349112426035503,0.49894736842105264,0.0,0.8454605263157895
33,MNAR,naive,26.58,0.9368836291913215,0.5582894736842106,0.2,0.8246052631578947
33,MNAR,pseudo_labels,26.58,0.9349112426035503,0.49894736842105264,0.0,0.8299342105263159
33,MNAR,iterative_pseudo_labels,26.58,0.9349112426035503,0.49894736842105264,0.0,0.8299342105263159
34,None,Oracle,0.0,0.9388560157790927,0.5447697368421053,0.16216216216216217,0.9006578947368421
34,MCAR_0.2,naive,22.7,0.9349112426035503,0.5135197368421053,0.05714285714285714,0.8954605263157895
34,MCAR_0.2,pseudo_labels,22.7,0.9349112426035503,0.49894736842105264,0.0,0.8988157894736842
34,MCAR_0.2,iterative_pseudo_labels,22.7,0.9349112426035503,0.49894736842105264,0.0,0.8988157894736842
34,MCAR_0.5,naive,50.46,0.9368836291913215,0.5145723684210526,0.058823529411764705,0.8796052631578948
34,MCAR_0.5,pseudo_labels,50.46,0.9368836291913215,0.5,0.0,0.8817105263157894
34,MCAR_0.5,iterative_pseudo_labels,50.46,0.9368836291913215,0.5,0.0,0.8817105263157894
34,MCAR_0.8,naive,79.93,0.9349112426035503,0.5135197368421053,0.05714285714285714,0.8840789473684211
34,MCAR_0.8,pseudo_labels,79.93,0.9368836291913215,0.5,0.0,0.89125
34,MCAR_0.8,iterative_pseudo_labels,79.93,0.9368836291913215,0.5,0.0,0.89125
34,MAR1,naive,27.11,0.9388560157790927,0.5447697368421053,0.16216216216216217,0.9019078947368422
34,MAR1,pseudo_labels,27.11,0.9329388560157791,0.4978947368421053,0.0,0.9089473684210526
34,MAR1,iterative_pseudo_labels,27.11,0.9329388560157791,0.4978947368421053,0.0,0.9089473684210526
34,MAR2,naive,24.67,0.9388560157790927,0.5447697368421053,0.16216216216216217,0.8942763157894736
34,MAR2,pseudo_labels,24.67,0.9329388560157791,0.4978947368421053,0.0,0.8916447368421052
34,MAR2,iterative_pseudo_labels,24.67,0.9329388560157791,0.4978947368421053,0.0,0.8916447368421052
34,MNAR,naive,25.66,0.9349112426035503,0.49894736842105264,0.0,0.8988815789473685
34,MNAR,pseudo_labels,25.66,0.9349112426035503,0.49894736842105264,0.0,0.8975
34,MNAR,iterative_pseudo_labels,25.66,0.9349112426035503,0.49894736842105264,0.0,0.8975
35,None,Oracle,0.0,0.9349112426035503,0.528092105263158,0.10810810810810811,0.86
35,MCAR_0.2,naive,19.34,0.9368836291913215,0.5291447368421053,0.1111111111111111,0.8604605263157894
35,MCAR_0.2,pseudo_labels,19.34,0.9388560157790927,0.5301973684210526,0.11428571428571428,0.8602631578947367
35,MCAR_0.2,iterative_pseudo_labels,19.34,0.9388560157790927,0.5301973684210526,0.11428571428571428,0.8602631578947367
35,MCAR_0.5,naive,50.53,0.9368836291913215,0.5,0.0,0.8600657894736842
35,MCAR_0.5,pseudo_labels,50.53,0.9368836291913215,0.5,0.0,0.8557236842105262
35,MCAR_0.5,iterative_pseudo_labels,50.53,0.9368836291913215,0.5,0.0,0.8557236842105262
35,MCAR_0.8,naive,77.7,0.9329388560157791,0.5270394736842106,0.10526315789473684,0.8354605263157895
35,MCAR_0.8,pseudo_labels,77.7,0.9368836291913215,0.5,0.0,0.8275657894736843
35,MCAR_0.8,iterative_pseudo_labels,77.7,0.9368836291913215,0.5,0.0,0.8275657894736843
35,MAR1,naive,24.8,0.9368836291913215,0.5291447368421053,0.1111111111111111,0.8478947368421053
35,MAR1,pseudo_labels,24.8,0.9368836291913215,0.5145723684210526,0.058823529411764705,0.8494736842105263
35,MAR1,iterative_pseudo_labels,24.8,0.9368836291913215,0.5145723684210526,0.058823529411764705,0.8494736842105263
35,MAR2,naive,25.53,0.9349112426035503,0.528092105263158,0.10810810810810811,0.8601973684210527
35,MAR2,pseudo_labels,25.53,0.9368836291913215,0.5,0.0,0.85875
35,MAR2,iterative_pseudo_labels,25.53,0.9368836291913215,0.5,0.0,0.85875
35,MNAR,naive,28.82,0.9388560157790927,0.5301973684210526,0.11428571428571428,0.8612500000000001
35,MNAR,pseudo_labels,28.82,0.9368836291913215,0.5,0.0,0.8467763157894737
35,MNAR,iterative_pseudo_labels,28.82,0.9368836291913215,0.5,0.0,0.8467763157894737
36,None,Oracle,0.0,0.9388560157790927,0.559342105263158,0.20512820512820512,0.9295394736842104
36,MCAR_0.2,naive,19.21,0.9388560157790927,0.5301973684210526,0.11428571428571428,0.9313815789473685
36,MCAR_0.2,pseudo_labels,19.21,0.9368836291913215,0.5,0.0,0.9186842105263158
36,MCAR_0.2,iterative_pseudo_labels,19.21,0.9368836291913215,0.5,0.0,0.9186842105263158
36,MCAR_0.5,naive,50.33,0.9388560157790927,0.5301973684210526,0.11428571428571428,0.9264473684210526
36,MCAR_0.5,pseudo_labels,50.33,0.9368836291913215,0.5,0.0,0.9128947368421052
36,MCAR_0.5,iterative_pseudo_labels,50.33,0.9368836291913215,0.5,0.0,0.9128947368421052
36,MCAR_0.8,naive,80.66,0.9349112426035503,0.5426644736842106,0.15384615384615385,0.8933552631578947
36,MCAR_0.8,pseudo_labels,80.66,0.9368836291913215,0.5,0.0,0.9004605263157894
36,MCAR_0.8,iterative_pseudo_labels,80.66,0.9368836291913215,0.5,0.0,0.9004605263157894
36,MAR1,naive,23.68,0.9349112426035503,0.528092105263158,0.10810810810810811,0.9236184210526316
36,MAR1,pseudo_labels,23.68,0.9368836291913215,0.5291447368421053,0.1111111111111111,0.9180263157894737
36,MAR1,iterative_pseudo_labels,23.68,0.9368836291913215,0.5291447368421053,0.1111111111111111,0.9180263157894737
36,MAR2,naive,26.78,0.9368836291913215,0.543717105263158,0.15789473684210525,0.9282894736842106
36,MAR2,pseudo_labels,26.78,0.9349112426035503,0.5135197368421053,0.05714285714285714,0.9311842105263157
36,MAR2,iterative_pseudo_labels,26.78,0.9349112426035503,0.5135197368421053,0.05714285714285714,0.9311842105263157
36,MNAR,naive,25.86,0.9388560157790927,0.5301973684210526,0.11428571428571428,0.9273684210526315
36,MNAR,pseudo_labels,25.86,0.9368836291913215,0.5,0.0,0.9141447368421052
36,MNAR,iterative_pseudo_labels,25.86,0.9368836291913215,0.5,0.0,0.9141447368421052
37,None,Oracle,0.0,0.9408284023668639,0.574967105263158,0.25,0.8828289473684211
37,MCAR_0.2,naive,18.75,0.9368836291913215,0.5874342105263157,0.2727272727272727,0.8844078947368421
37,MCAR_0.2,pseudo_labels,18.75,0.9349112426035503,0.528092105263158,0.10810810810810811,0.8844736842105263
37,MCAR_0.2,iterative_pseudo_labels,18.75,0.9349112426035503,0.528092105263158,0.10810810810810811,0.8844736842105263
37,MCAR_0.5,naive,48.68,0.9289940828402367,0.5103618421052631,0.05263157894736842,0.8655921052631579
37,MCAR_0.5,pseudo_labels,48.68,0.9368836291913215,0.5,0.0,0.8671710526315789
37,MCAR_0.5,iterative_pseudo_labels,48.68,0.9368836291913215,0.5,0.0,0.8671710526315789
37,MCAR_0.8,naive,79.34,0.9270216962524654,0.5093092105263157,0.05128205128205128,0.82875
37,MCAR_0.8,pseudo_labels,79.34,0.9368836291913215,0.5,0.0,0.8338815789473684
37,MCAR_0.8,iterative_pseudo_labels,79.34,0.9368836291913215,0.5,0.0,0.8338815789473684
37,MAR1,naive,25.2,0.9388560157790927,0.559342105263158,0.20512820512820512,0.8757236842105263
37,MAR1,pseudo_labels,25.2,0.9368836291913215,0.5145723684210526,0.058823529411764705,0.8797368421052632
37,MAR1,iterative_pseudo_labels,25.2,0.9368836291913215,0.5145723684210526,0.058823529411764705,0.8797368421052632
37,MAR2,naive,23.29,0.9349112426035503,0.528092105263158,0.10810810810810811,0.8874342105263158
37,MAR2,pseudo_labels,23.29,0.9329388560157791,0.512467105263158,0.05555555555555555,0.8888157894736841
37,MAR2,iterative_pseudo_labels,23.29,0.9329388560157791,0.512467105263158,0.05555555555555555,0.8888157894736841
37,MNAR,naive,23.29,0.9329388560157791,0.512467105263158,0.05555555555555555,0.8835526315789474
37,MNAR,pseudo_labels,23.29,0.9368836291913215,0.5,0.0,0.8759210526315789
37,MNAR,iterative_pseudo_labels,23.29,0.9368836291913215,0.5,0.0,0.8759210526315789
38,None,Oracle,0.0,0.9408284023668639,0.5458223684210526,0.16666666666666666,0.8905921052631578
38,MCAR_0.2,naive,21.25,0.9447731755424064,0.5916447368421053,0.3,0.8911184210526315
38,MCAR_0.2,pseudo_labels,21.25,0.9408284023668639,0.53125,0.11764705882352941,0.8885526315789474
38,MCAR_0.2,iterative_pseudo_labels,21.25,0.9408284023668639,0.53125,0.11764705882352941,0.8885526315789474
38,MCAR_0.5,naive,49.67,0.9349112426035503,0.528092105263158,0.10810810810810811,0.8625657894736842
38,MCAR_0.5,pseudo_labels,49.67,0.9368836291913215,0.5,0.0,0.8663815789473684
38,MCAR_0.5,iterative_pseudo_labels,49.67,0.9368836291913215,0.5,0.0,0.8663815789473684
38,MCAR_0.8,naive,80.72,0.9309664694280079,0.5259868421052631,0.10256410256410256,0.8883552631578948
38,MCAR_0.8,pseudo_labels,80.72,0.9368836291913215,0.5,0.0,0.8851315789473684
38,MCAR_0.8,iterative_pseudo_labels,80.72,0.9368836291913215,0.5,0.0,0.8851315789473684
38,MAR1,naive,25.2,0.9467455621301775,0.5926973684210526,0.3076923076923077,0.8877631578947368
38,MAR1,pseudo_labels,25.2,0.9388560157790927,0.515625,0.06060606060606061,0.8795394736842106
38,MAR1,iterative_pseudo_labels,25.2,0.9388560157790927,0.515625,0.06060606060606061,0.8795394736842106
38,MAR2,naive,23.42,0.9408284023668639,0.5458223684210526,0.16666666666666666,0.8968421052631579
38,MAR2,pseudo_labels,23.42,0.9388560157790927,0.515625,0.06060606060606061,0.9025657894736842
38,MAR2,iterative_pseudo_labels,23.42,0.9388560157790927,0.515625,0.06060606060606061,0.9025657894736842
38,MNAR,naive,26.78,0.9408284023668639,0.53125,0.11764705882352941,0.8766447368421053
38,MNAR,pseudo_labels,26.78,0.9368836291913215,0.5,0.0,0.8786184210526315
38,MNAR,iterative_pseudo_labels,26.78,0.9368836291913215,0.5,0.0,0.8786184210526315
39,None,Oracle,0.0,0.9349112426035503,0.5426644736842106,0.15384615384615385,0.871578947368421
39,MCAR_0.2,naive,18.68,0.9349112426035503,0.5426644736842106,0.15384615384615385,0.8690789473684211
39,MCAR_0.2,pseudo_labels,18.68,0.9329388560157791,0.512467105263158,0.05555555555555555,0.8698684210526315
39,MCAR_0.2,iterative_pseudo_labels,18.68,0.9329388560157791,0.512467105263158,0.05555555555555555,0.8698684210526315
39,MCAR_0.5,naive,51.58,0.9408284023668639,0.574967105263158,0.25,0.8525657894736842
39,MCAR_0.5,pseudo_labels,51.58,0.9368836291913215,0.5145723684210526,0.058823529411764705,0.8492763157894737
39,MCAR_0.5,iterative_pseudo_labels,51.58,0.9368836291913215,0.5145723684210526,0.058823529411764705,0.8492763157894737
39,MCAR_0.8,naive,82.3,0.9270216962524654,0.5675986842105263,0.2127659574468085,0.8482894736842105
39,MCAR_0.8,pseudo_labels,82.3,0.9368836291913215,0.5,0.0,0.8350657894736842
39,MCAR_0.8,iterative_pseudo_labels,82.3,0.9368836291913215,0.5,0.0,0.8350657894736842
39,MAR1,naive,24.34,0.9368836291913215,0.543717105263158,0.15789473684210525,0.8769736842105263
39,MAR1,pseudo_labels,24.34,0.9349112426035503,0.5135197368421053,0.05714285714285714,0.8744078947368421
39,MAR1,iterative_pseudo_labels,24.34,0.9349112426035503,0.5135197368421053,0.05714285714285714,0.8744078947368421
39,MAR2,naive,26.84,0.9329388560157791,0.512467105263158,0.05555555555555555,0.8691447368421052
39,MAR2,pseudo_labels,26.84,0.9368836291913215,0.5145723684210526,0.058823529411764705,0.8690131578947369
39,MAR2,iterative_pseudo_labels,26.84,0.9368836291913215,0.5145723684210526,0.058823529411764705,0.8690131578947369
39,MNAR,naive,28.49,0.9368836291913215,0.5582894736842106,0.2,0.8580921052631579
39,MNAR,pseudo_labels,28.49,0.9368836291913215,0.5145723684210526,0.058823529411764705,0.8590131578947369
39,MNAR,iterative_pseudo_labels,28.49,0.9368836291913215,0.5145723684210526,0.058823529411764705,0.8590131578947369
40,None,Oracle,0.0,0.9270216962524654,0.49473684210526314,0.0,0.8755921052631579
40,MCAR_0.2,naive,20.39,0.9289940828402367,0.4957894736842105,0.0,0.8773684210526316
40,MCAR_0.2,pseudo_labels,20.39,0.9329388560157791,0.4978947368421053,0.0,0.8780263157894737
40,MCAR_0.2,iterative_pseudo_labels,20.39,0.9329388560157791,0.4978947368421053,0.0,0.8780263157894737
40,MCAR_0.5,naive,50.72,0.9211045364891519,0.5061513157894737,0.047619047619047616,0.8609868421052632
40,MCAR_0.5,pseudo_labels,50.72,0.9368836291913215,0.5,0.0,0.8600657894736842
40,MCAR_0.5,iterative_pseudo_labels,50.72,0.9368836291913215,0.5,0.0,0.8600657894736842
40,MCAR_0.8,naive,79.93,0.9349112426035503,0.5135197368421053,0.05714285714285714,0.8361184210526316
40,MCAR_0.8,pseudo_labels,79.93,0.9368836291913215,0.5,0.0,0.8250657894736843
40,MCAR_0.8,iterative_pseudo_labels,79.93,0.9368836291913215,0.5,0.0,0.8250657894736843
40,MAR1,naive,25.33,0.9309664694280079,0.5114144736842106,0.05405405405405406,0.8776315789473683
40,MAR1,pseudo_labels,25.33,0.9329388560157791,0.4978947368421053,0.0,0.8810526315789474
40,MAR1,iterative_pseudo_labels,25.33,0.9329388560157791,0.4978947368421053,0.0,0.8810526315789474
40,MAR2,naive,26.71,0.9309664694280079,0.5114144736842106,0.05405405405405406,0.871578947368421
40,MAR2,pseudo_labels,26.71,0.9329388560157791,0.4978947368421053,0.0,0.8724999999999999
40,MAR2,iterative_pseudo_labels,26.71,0.9329388560157791,0.4978947368421053,0.0,0.8724999999999999
40,MNAR,naive,28.55,0.9270216962524654,0.5093092105263157,0.05128205128205128,0.8759868421052631
40,MNAR,pseudo_labels,28.55,0.9368836291913215,0.5,0.0,0.8732894736842105
40,MNAR,iterative_pseudo_labels,28.55,0.9368836291913215,0.5,0.0,0.8732894736842105
41,None,Oracle,0.0,0.9368836291913215,0.5,0.0,0.8571052631578947
41,MCAR_0.2,naive,18.68,0.9368836291913215,0.5,0.0,0.8577631578947368
41,MCAR_0.2,pseudo_labels,18.68,0.9368836291913215,0.5,0.0,0.8588815789473684
41,MCAR_0.2,iterative_pseudo_labels,18.68,0.9368836291913215,0.5,0.0,0.8588815789473684
41,MCAR_0.5,naive,48.22,0.9329388560157791,0.4978947368421053,0.0,0.8585526315789475
41,MCAR_0.5,pseudo_labels,48.22,0.9368836291913215,0.5,0.0,0.8529605263157894
41,MCAR_0.5,iterative_pseudo_labels,48.22,0.9368836291913215,0.5,0.0,0.8529605263157894
41,MCAR_0.8,naive,78.22,0.9349112426035503,0.49894736842105264,0.0,0.8508552631578947
41,MCAR_0.8,pseudo_labels,78.22,0.9368836291913215,0.5,0.0,0.8528289473684211
41,MCAR_0.8,iterative_pseudo_labels,78.22,0.9368836291913215,0.5,0.0,0.8528289473684211
41,MAR1,naive,24.54,0.9388560157790927,0.515625,0.06060606060606061,0.8640131578947368
41,MAR1,pseudo_labels,24.54,0.9368836291913215,0.5,0.0,0.8598684210526315
41,MAR1,iterative_pseudo_labels,24.54,0.9368836291913215,0.5,0.0,0.8598684210526315
41,MAR2,naive,25.39,0.9368836291913215,0.5,0.0,0.8536842105263158
41,MAR2,pseudo_labels,25.39,0.9368836291913215,0.5,0.0,0.8553947368421053
41,MAR2,iterative_pseudo_labels,25.39,0.9368836291913215,0.5,0.0,0.8553947368421053
41,MNAR,naive,26.97,0.9368836291913215,0.5,0.0,0.8292763157894737
41,MNAR,pseudo_labels,26.97,0.9368836291913215,0.5,0.0,0.8223026315789473
41,MNAR,iterative_pseudo_labels,26.97,0.9368836291913215,0.5,0.0,0.8223026315789473
42,None,Oracle,0.0,0.9388560157790927,0.5447697368421053,0.16216216216216217,0.8873026315789474
42,MCAR_0.2,naive,19.87,0.9388560157790927,0.5447697368421053,0.16216216216216217,0.885
42,MCAR_0.2,pseudo_labels,19.87,0.9368836291913215,0.5,0.0,0.8732894736842105
42,MCAR_0.2,iterative_pseudo_labels,19.87,0.9368836291913215,0.5,0.0,0.8732894736842105
42,MCAR_0.5,naive,50.46,0.9349112426035503,0.528092105263158,0.10810810810810811,0.8546052631578946
42,MCAR_0.5,pseudo_labels,50.46,0.9368836291913215,0.5,0.0,0.8386842105263157
42,MCAR_0.5,iterative_pseudo_labels,50.46,0.9368836291913215,0.5,0.0,0.8386842105263157
42,MCAR_0.8,naive,81.45,0.9309664694280079,0.5697039473684211,0.2222222222222222,0.8783552631578948
42,MCAR_0.8,pseudo_labels,81.45,0.9368836291913215,0.5,0.0,0.8822368421052632
42,MCAR_0.8,iterative_pseudo_labels,81.45,0.9368836291913215,0.5,0.0,0.8822368421052632
42,MAR1,naive,25.79,0.9388560157790927,0.5447697368421053,0.16216216216216217,0.8861184210526316
42,MAR1,pseudo_labels,25.79,0.9368836291913215,0.5,0.0,0.8792105263157894
42,MAR1,iterative_pseudo_labels,25.79,0.9368836291913215,0.5,0.0,0.8792105263157894
42,MAR2,naive,23.22,0.9368836291913215,0.5291447368421053,0.1111111111111111,0.9000657894736842
42,MAR2,pseudo_labels,23.22,0.9368836291913215,0.5,0.0,0.8807894736842106
42,MAR2,iterative_pseudo_labels,23.22,0.9368836291913215,0.5,0.0,0.8807894736842106
42,MNAR,naive,26.91,0.9368836291913215,0.5145723684210526,0.058823529411764705,0.8932236842105262
42,MNAR,pseudo_labels,26.91,0.9368836291913215,0.5,0.0,0.8919736842105264
42,MNAR,iterative_pseudo_labels,26.91,0.9368836291913215,0.5,0.0,0.8919736842105264
43,None,Oracle,0.0,0.9329388560157791,0.5270394736842106,0.10526315789473684,0.8551315789473684
43,MCAR_0.2,naive,22.17,0.9368836291913215,0.543717105263158,0.15789473684210525,0.8478289473684211
43,MCAR_0.2,pseudo_labels,22.17,0.9368836291913215,0.5145723684210526,0.058823529411764705,0.8407236842105263
43,MCAR_0.2,iterative_pseudo_labels,22.17,0.9368836291913215,0.5145723684210526,0.058823529411764705,0.8407236842105263
43,MCAR_0.5,naive,50.2,0.9388560157790927,0.5447697368421053,0.16216216216216217,0.8357894736842104
43,MCAR_0.5,pseudo_labels,50.2,0.9368836291913215,0.5,0.0,0.8311842105263156
43,MCAR_0.5,iterative_pseudo_labels,50.2,0.9368836291913215,0.5,0.0,0.8311842105263156
43,MCAR_0.8,naive,79.74,0.9270216962524654,0.5530263157894737,0.17777777777777778,0.842828947368421
43,MCAR_0.8,pseudo_labels,79.74,0.9368836291913215,0.5,0.0,0.8685526315789474
43,MCAR_0.8,iterative_pseudo_labels,79.74,0.9368836291913215,0.5,0.0,0.8685526315789474
43,MAR1,naive,26.05,0.9368836291913215,0.5291447368421053,0.1111111111111111,0.8549342105263158
43,MAR1,pseudo_labels,26.05,0.9349112426035503,0.5135197368421053,0.05714285714285714,0.8603947368421053
43,MAR1,iterative_pseudo_labels,26.05,0.9349112426035503,0.5135197368421053,0.05714285714285714,0.8603947368421053
43,MAR2,naive,25.26,0.9349112426035503,0.5572368421052631,0.1951219512195122,0.8569078947368421
43,MAR2,pseudo_labels,25.26,0.9368836291913215,0.5291447368421053,0.1111111111111111,0.852171052631579
43,MAR2,iterative_pseudo_labels,25.26,0.9368836291913215,0.5291447368421053,0.1111111111111111,0.852171052631579
43,MNAR,naive,26.18,0.9349112426035503,0.5135197368421053,0.05714285714285714,0.8274342105263157
43,MNAR,pseudo_labels,26.18,0.9368836291913215,0.5,0.0,0.8554605263157895
43,MNAR,iterative_pseudo_labels,26.18,0.9368836291913215,0.5,0.0,0.8554605263157895
44,None,Oracle,0.0,0.9329388560157791,0.4978947368421053,0.0,0.8348684210526316
44,MCAR_0.2,naive,20.0,0.9309664694280079,0.4968421052631579,0.0,0.8298684210526316
44,MCAR_0.2,pseudo_labels,20.0,0.9329388560157791,0.4978947368421053,0.0,0.8351315789473684
44,MCAR_0.2,iterative_pseudo_labels,20.0,0.9329388560157791,0.4978947368421053,0.0,0.8351315789473684
44,MCAR_0.5,naive,50.33,0.9309664694280079,0.4968421052631579,0.0,0.8482236842105264
44,MCAR_0.5,pseudo_labels,50.33,0.9368836291913215,0.5,0.0,0.8367763157894736
44,MCAR_0.5,iterative_pseudo_labels,50.33,0.9368836291913215,0.5,0.0,0.8367763157894736
44,MCAR_0.8,naive,78.49,0.9309664694280079,0.4968421052631579,0.0,0.8086184210526316
44,MCAR_0.8,pseudo_labels,78.49,0.9368836291913215,0.5,0.0,0.8128289473684212
44,MCAR_0.8,iterative_pseudo_labels,78.49,0.9368836291913215,0.5,0.0,0.8128289473684212
44,MAR1,naive,22.63,0.9349112426035503,0.49894736842105264,0.0,0.8459868421052632
44,MAR1,pseudo_labels,22.63,0.9368836291913215,0.5,0.0,0.83125
44,MAR1,iterative_pseudo_labels,22.63,0.9368836291913215,0.5,0.0,0.83125
44,MAR2,naive,23.09,0.9329388560157791,0.4978947368421053,0.0,0.8383552631578948
44,MAR2,pseudo_labels,23.09,0.9349112426035503,0.49894736842105264,0.0,0.8334868421052631
44,MAR2,iterative_pseudo_labels,23.09,0.9349112426035503,0.49894736842105264,0.0,0.8334868421052631
44,MNAR,naive,28.22,0.9349112426035503,0.49894736842105264,0.0,0.8410526315789474
44,MNAR,pseudo_labels,28.22,0.9368836291913215,0.5,0.0,0.8291447368421052
44,MNAR,iterative_pseudo_labels,28.22,0.9368836291913215,0.5,0.0,0.8291447368421052
45,None,Oracle,0.0,0.9349112426035503,0.49894736842105264,0.0,0.8478947368421054
45,MCAR_0.2,naive,18.75,0.9349112426035503,0.49894736842105264,0.0,0.8435526315789473
45,MCAR_0.2,pseudo_labels,18.75,0.9349112426035503,0.49894736842105264,0.0,0.8480921052631579
45,MCAR_0.2,iterative_pseudo_labels,18.75,0.9349112426035503,0.49894736842105264,0.0,0.8480921052631579
45,MCAR_0.5,naive,48.36,0.9408284023668639,0.53125,0.11764705882352941,0.8531578947368421
45,MCAR_0.5,pseudo_labels,48.36,0.9368836291913215,0.5,0.0,0.8382236842105264
45,MCAR_0.5,iterative_pseudo_labels,48.36,0.9368836291913215,0.5,0.0,0.8382236842105264
45,MCAR_0.8,naive,80.07,0.9408284023668639,0.6332565789473684,0.375,0.8150657894736842
45,MCAR_0.8,pseudo_labels,80.07,0.9368836291913215,0.5,0.0,0.8290131578947367
45,MCAR_0.8,iterative_pseudo_labels,80.07,0.9368836291913215,0.5,0.0,0.8290131578947367
45,MAR1,naive,23.62,0.9329388560157791,0.5416118421052631,0.15,0.8543421052631579
45,MAR1,pseudo_labels,23.62,0.9408284023668639,0.53125,0.11764705882352941,0.8521052631578948
45,MAR1,iterative_pseudo_labels,23.62,0.9408284023668639,0.53125,0.11764705882352941,0.8521052631578948
45,MAR2,naive,24.74,0.9388560157790927,0.515625,0.06060606060606061,0.8509210526315789
45,MAR2,pseudo_labels,24.74,0.9408284023668639,0.53125,0.11764705882352941,0.859078947368421
45,MAR2,iterative_pseudo_labels,24.74,0.9408284023668639,0.53125,0.11764705882352941,0.859078947368421
45,MNAR,naive,25.92,0.9408284023668639,0.53125,0.11764705882352941,0.8597368421052631
45,MNAR,pseudo_labels,25.92,0.9368836291913215,0.5,0.0,0.8426973684210527
45,MNAR,iterative_pseudo_labels,25.92,0.9368836291913215,0.5,0.0,0.8426973684210527
46,None,Oracle,0.0,0.9349112426035503,0.5426644736842106,0.15384615384615385,0.8832236842105263
46,MCAR_0.2,naive,20.13,0.9329388560157791,0.4978947368421053,0.0,0.879671052631579
46,MCAR_0.2,pseudo_labels,20.13,0.9349112426035503,0.49894736842105264,0.0,0.8842105263157896
46,MCAR_0.2,iterative_pseudo_labels,20.13,0.9349112426035503,0.49894736842105264,0.0,0.8842105263157896
46,MCAR_0.5,naive,51.18,0.9211045364891519,0.5352960526315789,0.13043478260869565,0.8656578947368421
46,MCAR_0.5,pseudo_labels,51.18,0.9368836291913215,0.5,0.0,0.8648684210526316
46,MCAR_0.5,iterative_pseudo_labels,51.18,0.9368836291913215,0.5,0.0,0.8648684210526316
46,MCAR_0.8,naive,81.12,0.9349112426035503,0.528092105263158,0.10810810810810811,0.8756578947368422
46,MCAR_0.8,pseudo_labels,81.12,0.9368836291913215,0.5,0.0,0.8642763157894737
46,MCAR_0.8,iterative_pseudo_labels,81.12,0.9368836291913215,0.5,0.0,0.8642763157894737
46,MAR1,naive,25.53,0.9309664694280079,0.4968421052631579,0.0,0.8628947368421053
46,MAR1,pseudo_labels,25.53,0.9349112426035503,0.49894736842105264,0.0,0.8719736842105263
46,MAR1,iterative_pseudo_labels,25.53,0.9349112426035503,0.49894736842105264,0.0,0.8719736842105263
46,MAR2,naive,25.07,0.9349112426035503,0.49894736842105264,0.0,0.873092105263158
46,MAR2,pseudo_labels,25.07,0.9368836291913215,0.5,0.0,0.8698026315789473
46,MAR2,iterative_pseudo_labels,25.07,0.9368836291913215,0.5,0.0,0.8698026315789473
46,MNAR,naive,26.58,0.9329388560157791,0.5270394736842106,0.10526315789473684,0.880328947368421
46,MNAR,pseudo_labels,26.58,0.9368836291913215,0.5,0.0,0.87875
46,MNAR,iterative_pseudo_labels,26.58,0.9368836291913215,0.5,0.0,0.87875
47,None,Oracle,0.0,0.9349112426035503,0.5135197368421053,0.05714285714285714,0.8362828947368421
47,MCAR_0.2,naive,21.45,0.9368836291913215,0.543717105263158,0.15789473684210525,0.8317105263157895
47,MCAR_0.2,pseudo_labels,21.45,0.9349112426035503,0.49894736842105264,0.0,0.826217105263158
47,MCAR_0.2,iterative_pseudo_labels,21.45,0.9349112426035503,0.49894736842105264,0.0,0.826217105263158
47,MCAR_0.5,naive,49.74,0.9250493096646942,0.4936842105263158,0.0,0.8374999999999999
47,MCAR_0.5,pseudo_labels,49.74,0.9368836291913215,0.5,0.0,0.8261513157894737
47,MCAR_0.5,iterative_pseudo_labels,49.74,0.9368836291913215,0.5,0.0,0.8261513157894737
47,MCAR_0.8,naive,80.59,0.9250493096646942,0.5811184210526316,0.24,0.8315131578947369
47,MCAR_0.8,pseudo_labels,80.59,0.9388560157790927,0.515625,0.06060606060606061,0.8060526315789474
47,MCAR_0.8,iterative_pseudo_labels,80.59,0.9388560157790927,0.515625,0.06060606060606061,0.8060526315789474
47,MAR1,naive,23.42,0.9368836291913215,0.543717105263158,0.15789473684210525,0.8319736842105263
47,MAR1,pseudo_labels,23.42,0.9349112426035503,0.49894736842105264,0.0,0.8289144736842105
47,MAR1,iterative_pseudo_labels,23.42,0.9349112426035503,0.49894736842105264,0.0,0.8289144736842105
47,MAR2,naive,25.79,0.9329388560157791,0.5416118421052631,0.15,0.8266118421052632
47,MAR2,pseudo_labels,25.79,0.9368836291913215,0.5,0.0,0.8281907894736843
47,MAR2,iterative_pseudo_labels,25.79,0.9368836291913215,0.5,0.0,0.8281907894736843
47,MNAR,naive,26.84,0.9349112426035503,0.49894736842105264,0.0,0.8239802631578947
47,MNAR,pseudo_labels,26.84,0.9368836291913215,0.5,0.0,0.8267763157894736
47,MNAR,iterative_pseudo_labels,26.84,0.9368836291913215,0.5,0.0,0.8267763157894736
48,None,Oracle,0.0,0.9309664694280079,0.5259868421052631,0.10256410256410256,0.8011184210526315
48,MCAR_0.2,naive,18.82,0.9309664694280079,0.5259868421052631,0.10256410256410256,0.7980921052631579
48,MCAR_0.2,pseudo_labels,18.82,0.9309664694280079,0.5259868421052631,0.10256410256410256,0.8
48,MCAR_0.2,iterative_pseudo_labels,18.82,0.9309664694280079,0.5259868421052631,0.10256410256410256,0.8
48,MCAR_0.5,naive,49.01,0.9250493096646942,0.5228289473684211,0.09523809523809523,0.80125
48,MCAR_0.5,pseudo_labels,49.01,0.9368836291913215,0.5,0.0,0.8079605263157895
48,MCAR_0.5,iterative_pseudo_labels,49.01,0.9368836291913215,0.5,0.0,0.8079605263157895
48,MCAR_0.8,naive,79.74,0.9013806706114399,0.539342105263158,0.13793103448275862,0.79375
48,MCAR_0.8,pseudo_labels,79.74,0.9368836291913215,0.5,0.0,0.7949999999999999
48,MCAR_0.8,iterative_pseudo_labels,79.74,0.9368836291913215,0.5,0.0,0.7949999999999999
48,MAR1,naive,22.3,0.9230769230769231,0.5217763157894737,0.09302325581395349,0.8043421052631579
48,MAR1,pseudo_labels,22.3,0.9329388560157791,0.5270394736842106,0.10526315789473684,0.8076315789473685
48,MAR1,iterative_pseudo_labels,22.3,0.9329388560157791,0.5270394736842106,0.10526315789473684,0.8076315789473685
48,MAR2,naive,24.54,0.9230769230769231,0.5217763157894737,0.09302325581395349,0.7994078947368422
48,MAR2,pseudo_labels,24.54,0.9368836291913215,0.5291447368421053,0.1111111111111111,0.7992105263157894
48,MAR2,iterative_pseudo_labels,24.54,0.9368836291913215,0.5291447368421053,0.1111111111111111,0.7992105263157894
48,MNAR,naive,25.72,0.9309664694280079,0.5114144736842106,0.05405405405405406,0.7901315789473684
48,MNAR,pseudo_labels,25.72,0.9368836291913215,0.5,0.0,0.7892763157894737
48,MNAR,iterative_pseudo_labels,25.72,0.9368836291913215,0.5,0.0,0.7892763157894737
49,None,Oracle,0.0,0.9368836291913215,0.5145723684210526,0.058823529411764705,0.8978947368421053
49,MCAR_0.2,naive,19.47,0.9368836291913215,0.5145723684210526,0.058823529411764705,0.8975
49,MCAR_0.2,pseudo_labels,19.47,0.9368836291913215,0.5145723684210526,0.058823529411764705,0.8953289473684211
49,MCAR_0.2,iterative_pseudo_labels,19.47,0.9368836291913215,0.5145723684210526,0.058823529411764705,0.8953289473684211
49,MCAR_0.5,naive,49.41,0.9349112426035503,0.5135197368421053,0.05714285714285714,0.9038815789473684
49,MCAR_0.5,pseudo_labels,49.41,0.9368836291913215,0.5145723684210526,0.058823529411764705,0.9036842105263159
49,MCAR_0.5,iterative_pseudo_labels,49.41,0.9368836291913215,0.5145723684210526,0.058823529411764705,0.9036842105263159
49,MCAR_0.8,naive,78.75,0.9368836291913215,0.5291447368421053,0.1111111111111111,0.8588815789473684
49,MCAR_0.8,pseudo_labels,78.75,0.9368836291913215,0.5,0.0,0.8641447368421052
49,MCAR_0.8,iterative_pseudo_labels,78.75,0.9368836291913215,0.5,0.0,0.8641447368421052
49,MAR1,naive,23.95,0.9368836291913215,0.5145723684210526,0.058823529411764705,0.8934868421052632
49,MAR1,pseudo_labels,23.95,0.9368836291913215,0.5145723684210526,0.058823529411764705,0.8948684210526315
49,MAR1,iterative_pseudo_labels,23.95,0.9368836291913215,0.5145723684210526,0.058823529411764705,0.8948684210526315
49,MAR2,naive,25.59,0.9368836291913215,0.5145723684210526,0.058823529411764705,0.8988157894736842
49,MAR2,pseudo_labels,25.59,0.9368836291913215,0.5145723684210526,0.058823529411764705,0.8988815789473684
49,MAR2,iterative_pseudo_labels,25.59,0.9368836291913215,0.5145723684210526,0.058823529411764705,0.8988815789473684
49,MNAR,naive,25.26,0.9368836291913215,0.5145723684210526,0.058823529411764705,0.8928947368421052
49,MNAR,pseudo_labels,25.26,0.9368836291913215,0.5145723684210526,0.058823529411764705,0.8898684210526315
49,MNAR,iterative_pseudo_labels,25.26,0.9368836291913215,0.5145723684210526,0.058823529411764705,0.8898684210526315
